{
  "Query": {
    "CsvConfiguration": {
      "url": "feed-monitor/v1/csv-job-configurations",
      "dataPath": "$"
    },
    "FeedMonitorLog": {
      "$extra": {
        "FeedMonitorLogTypeSystemIdMap": {
          "2": {
            "url": "/feed-monitor/v1/csv-job-logs?jobID={args.logId}",
            "dataPath": "$"
          },
          "1": {
            "url": "/feed-monitor/v1/notification-job-logs?notificationID={args.logId}",
            "dataPath": "$"
          }
        }
      },
      "url": "/feed-monitor/v1/csv-job-logs?jobID={args.logId}",
      "dataPath": "$"
    },
    "NotificationConfiguration": {
      "url": "feed-monitor/v1/notification-jobs",
      "dataPath": "$"
    },
    "FMConfigAuditHistory": {
      "url": "feed-monitor/v1/config-audit?id={args.auditId}&configId={args.configTypeId}",
      "dataPath": "$"
    },
    "ReconThresholdSetting": {
      "url": "feed-monitor/v1/recon-threshold",
      "dataPath": "$[?(@.reconType.id=='{args.reconType}')]"
    },
    "SystemConfiguration": {
      "url": "feed-monitor/v1/system-configurations",
      "dataPath": "$"
    }
  },
  "CsvConfiguration": {
    "modified": false
  },
  "NotificationConfiguration": {
    "modified": false
  },
  "ReconThresholdSetting": {
    "modified": false
  },
  "SystemConfiguration": {
    "modified": false
  }
}
