{
  "Query": {
    "Hierarchies": {
      "url": "hierarchy/v1/hierarchies",
      "dataPath": "$"
    },
    "Nodes": {
      "url": "hierarchy/v1/hierarchies/{args.typeId}/nodes?date={args.cob}",
      "dataPath": "$",
      "additionalData": {
        "hierarchyTypeId": "{args.typeId}"
      }
    },
    "Portfolios": {
      "url": "hierarchy/v1/hierarchies/{args.typeId}/portfolio?nodeId={args.nodeId}&name={args.titleSearch}&isExactName=false",
      "dataPath": "$",
      "additionalData": {
        "hierarchyTypeId": "{args.typeId}",
        "cob": "{args.cob}"
      }
    },
    "ClassificationOptions": {
      "dataPath": "$"
    }
  },
  "Node": {
    "id": "$.nodeId",
    "typeId": "$.hierarchyTypeId",
    "title": "$.nodeName",
    "portfolios": {
      "url": "hierarchy-api/v1/hierarchies/{$.hierarchyTypeId}/nodes/{$.nodeId}/portfolio-hierarchy-maps",
      "dataPath": "$"
    },
    "fullPath": "$.fullPath",
    "parent": "$.parentNodeId",
    "children": "$.children"
  },
  "Portfolio": {
    "id": "$.portfolioId",
    "title": "$.attributes.name",
    "isActive": "$.attributes.isActive",
    "createdOn": "$.addedTime",
    "source": "$.attributes.source.value",
    "classification": "$.attributes",
    "parent": "$"
  },
  "Classification": {
    "assetType": "$.assetTypeSystem.id",
    "capitalMultiplier": "$.capitalHierarchy.id",
    "hyperionUnit": "$.hyperionUnit.id",
    "syntheticPortfolio": "$.syntheticPortfolio.id",
    "comment": "$.comment"
  },
  "NodeId": {
    "nodeId": "$.nodeId"
  },
  "ClassificationOptions": {
    "assetType": {
      "url": "reference-data/v1/type-system-parameters",
      "dataPath": "$[?(@.system.name == 'Portfolio_AssetType')]"
    },
    "capitalMultiplier": {
      "url": "reference-data/v1/capital-multipliers",
      "dataPath": "$"
    },
    "syntheticPortfolio": {
      "url": "reference-data/v1/portfolios",
      "dataPath": "$"
    }
  },
  "AssetTypeOption": {
    "id": "$.id",
    "text": "$.value"
  },
  "CapitalMultiplierOption": {
    "id": "$.id",
    "text": "$.name"
  },
  "SyntheticPortfolioOption": {
    "id": "$.id",
    "text": "$.name"
  }
}
