{
  "Query": {
    "ReconReportTypes": {
      "url": "feed-monitor/v1/recon-type-systems",
      "dataPath": "$"
    },
    "ReconReportType": {
      "url": "feed-monitor/v1/recon-type-systems",
      "dataPath": "$[?(@.id=={args.id})]",
      "$extra": {
        "unwrapArray": true
      }
    },
    "PastBusinessDates": {
      "url": "feed-monitor/v1/past-business-dates?pastNumberOfDates={args.count}",
      "dataPath": "$[*].date",
      "$extra": {
        "unwrapArray": false
      }
    },
    "PastBusinessDatesBetween": {
      "url": "feed-monitor/v1/past-business-dates-between-dates?fromDate={args.from}&toDate={args.to}",
      "dataPath": "$[*].date",
      "$extra": {
        "unwrapArray": false
      }
    },
    "PastCashReconDetails": {
      "url": "feed-monitor/v1/past-cash-recon-details?cobDates={args.dates}&statuses={args.statuses}",
      "dataPath": "$"
    },
    "DailyTradeReconDetails": {
      "url": "feed-monitor/v1/daily-trade-recon-details?cobDates={args.dates}&sourceSystems={args.sourceSystems}&statuses={args.statuses}",
      "dataPath": "$"
    },
    "ReconSystems": {
      "url": "feed-monitor/v1/recon-source-systems?fromDate={args.from}&toDate={args.to}&reportTypeId={args.reportType}",
      "dataPath": "$[*].name",
      "$extra": {
        "unwrapArray": false
      }
    },
    "TradePricingErrorDetails": {
      "url": "feed-monitor/v1/trade-pricing-errors-details?cobDates={args.dates}&sourceSystems={args.sourceSystems}&statuses={args.statuses}",
      "dataPath": "$"
    },
    "MurexRiskEngineReconDetails": {
      "url": "feed-monitor/v1/mre-recon-details?cobDates={args.dates}&statuses={args.statuses}",
      "dataPath": "$"
    },
    "ReconReportSummary": {
      "url": "feed-monitor/v1/recon-summary-report?fromDate={args.from}&toDate={args.to}&reportTypeId={args.reportType}",
      "dataPath": "$"
    }
  },
  "ReconReportSummary": {
    "statuses": "$.status"
  },
  "ReconReportType": {
    "name": "$.displayName",
    "statuses": {
      "url": "feed-monitor/v1/recon-threshold",
      "dataPath": "$[?(@.reconType.id=={$.id})]"
    }
  },
  "ReconReportStatus": {
    "name": "$.statusName"
  },
  "PastCashReconDetail": {
    "modified": false
  },
  "DailyTradeReconDetail": {
    "modified": false,
    "added": {
      "dataPath": "$",
      "additionalData": {
        "by": "{$.addedBy}"
      }
    },
    "updated": {
      "dataPath": "$",
      "additionalData": {
        "time": "{$.updatedTime}"
      }
    }
  },
  "TradePricingErrorDetail": {
    "modified": false
  },
  "MurexRiskEngineReconDetail": {
    "modified": false
  }
}
