{
  "Query": {
    "PortfolioRunList": {
      "url": "reference-data/v1/portfolio-runlist",
      "dataPath": "$",
      "decorators": [
        {
          "name": "transformOptionFields",
          "params": {
            "fields": ["currentReports", "inheritedReports", "excludedReports"]
          }
        }
      ]
    },
    "PortfolioCurrentReports": {
      "url": "reference-data/v1/portfolio-runlist-reportlist",
      "dataPath": "$"
    },
    "VolckerDeskMappings": {
      "url": "reference-data/v1/volcker-desk-mapping",
      "dataPath": "$",
      "decorators": [
        {
          "name": "transformOptionFields",
          "params": {
            "fields": ["volckerDesk", "inheritedVolckerDesk"]
          }
        }
      ]
    },
    "VolckerDeskNames": {
      "url": "reference-data/v1/volcker-desk",
      "dataPath": "$"
    },
    "HoldingPeriodNodes": {
      "url": "reference-data/v1/holding-period-mapping",
      "dataPath": "$"
    },
    "CTDMappings": {
      "url": "reference-data/v1/ctd-mapping",
      "dataPath": "$"
    }
  },
  "PortfolioRunList": {
    "modified": false,
    "id": "$.node.id",
    "parent": "$.parentNode.id",
    "title": "$.node.value"
  },
  "VolckerDeskMapping": {
    "modified": false,
    "id": "$.node.id",
    "parent": "$.parentNode.id",
    "title": "$.node.value"
  },
  "RefDataConfigReport": {
    "text": "$.value"
  },
  "VolckerDeskName": {
    "id": "$.id",
    "text": "$.name"
  },
  "HoldingPeriodNode": {
    "modified": false,
    "id": "$.node.id",
    "parent": "$.parentNode.id",
    "title": "$.node.value"
  },
  "CTDMapping": {
    "modified": false,
    "id": "$.node.id",
    "parent": "$.parentNode.id",
    "title": "$.node.value"
  }
}
