{
  "Query": {
    "RiskContainerStatuses": {
      "url": "feed-monitor/v1/nodes/{args.nodeId}/container-feed-statuses?date={args.date}&snapshot={args.snapshot}&reportTypeIds={args.reportTypeIds}&sourceSystemIds={args.sourceSystemIds}&sourceSystemEnvironments={args.sourceSystemEnvironments}",
      "dataPath": "$",
      "additionalData": {
        "$argId": "{args.nodeId}:{args.date}:{args.snapshot}:{args.sourceSystemEnvironments}:{args.sourceSystemIds}:{args.reportTypeIds}"
      }
    },
    "RiskDataHierarchyFeedStatuses": {
      "url": "feed-monitor/v1/nodes/{args.nodeId}/hierarchy-feed-statuses?date={args.cob}&isRootPortfolioNode={args.isRootPortfolioNode}&snapshot={args.snapshot}&sourceSystemIds={args.sourceSystemIds}&sourceSystemEnvironments={args.sourceSystemEnvironments}&reportTypeIds={args.reportTypeIds}&containerIds={args.containerIds}",
      "dataPath": "$",
      "additionalData": {
        "$argId": "{args.nodeId}:{args.cob}:{args.snapshot}:{args.isRootPortfolioNode}:{args.containerIds}:{args.sourceSystemIds}:{args.sourceSystemEnvironments}:{args.reportTypeIds}:{args.statuses}"
      }
    },
    "RiskDataPortfolioFeedStatuses": {
      "url": "feed-monitor/v1/nodes/{args.nodeId}/feed-statuses?date={args.cob}&isRootPortfolioNode={args.isRootPortfolioNode}&snapshot={args.snapshot}&sourceSystemIds={args.sourceSystemIds}&sourceSystemEnvironments={args.sourceSystemEnvironments}&reportTypeIds={args.reportTypeIds}&containerIds={args.containerIds}&statuses={args.statuses}",
      "dataPath": "$",
      "additionalData": {
        "$argId": "{args.nodeId}:{args.cob}:{args.snapshot}:{args.isRootPortfolioNode}:{args.containerIds}:{args.sourceSystemIds}:{args.sourceSystemEnvironments}:{args.reportTypeIds}:{args.statuses}"
      }
    },
    "ReportTypes": {
      "url": "feed-monitor/v1/report-types",
      "dataPath": "$"
    },
    "RiskDataSourceSystems": {
      "url": "feed-monitor/v1/source-systems",
      "dataPath": "$"
    },
    "Snapshots": {
      "url": "feed-monitor/v1/snapshots",
      "dataPath": "$"
    },
    "PortfolioHierarchies": {
      "url": "feed-monitor/v1/portfolio-hierarchies?date={args.date}&includeSimplePortfolios=false",
      "dataPath": "$",
      "additionalData": {
        "$argId": "{args.date}"
      }
    },
    "PortfolioHierarchiesWithDate": {
      "url": "feed-monitor/v1/business-date",
      "dataPath": "$"
    },
    "CurrentBusinessDate": {
      "url": "feed-monitor/v1/business-date",
      "dataPath": "$.currentBusinessDate"
    },
    "RiskDataReports": {
      "url": "feed-monitor/v1/reports",
      "dataPath": "$[?(@.containers != null)]"
    },
    "RiskDataPricingErrors": {
      "url": "feed-monitor/v1/source-system-errors?date={args.cob}&isPortfolioNode={args.isPortfolioNode}&portfolioNode={args.portfolioNode}&reports={args.reports}&snapshot={args.snapshot}&sourceSystemEnvironments={args.sourceSystemEnvironments}",
      "dataPath": "$"
    },
    "FeedLogMessages": {
      "url": "feed-monitor/v1/log-messages?feedIds={args.feedIDs}",
      "dataPath": "$"
    },
    "FeedREMEvents": {
      "url": "feed-monitor/v1/rem-events?feedIds={args.feedIDs}",
      "dataPath": "$"
    },
    "CubeVersions": {
      "url": "feed-monitor/v1/cube-versions?date={args.cob}&portfolios={args.portfolios}&reports={args.reports}&snapshot={args.snapshot}&sourceSystemId={args.sourceSystemId}",
      "dataPath": "$"
    },
    "SourceSystemFeedStatuses": {
      "url": "feed-monitor/v1/nodes/{args.nodeId}/source-system-feed-statuses?date={args.cob}&snapshot={args.snapshots}",
      "dataPath": "$",
      "additionalData": {
        "$argId": "{args.nodeId}:{args.cob}:{args.snapshots}"
      }
    },
    "PreviousCubeVersions": {
      "url": "feed-monitor/v1/previous-cube-versions?currentCubeLoadId={args.cubeLoadId}",
      "dataPath": "$"
    }
  },
  "SourceSystemFeedStatus": {
    "id": "{$.id}:{$argId}",
    "sourceSystemId": "$.id",
    "cubeStatus": "$.status.cube",
    "overallStatus": "$.status.overall",
    "cube": {
      "dataPath": "$.count.cube",
      "additionalData": {
        "completedPercent": "{$.cubeCompletedPercentage}",
        "total": "{$.cubeTotalCount}"
      }
    },
    "subCube": {
      "dataPath": "$.count.cube",
      "additionalData": {
        "total": "{$.cubeTotalCount}"
      }
    },
    "rdw": {
      "dataPath": "$.count.cube",
      "additionalData": {
        "total": "{$.cubeTotalCount}"
      }
    }
  },
  "PortfolioHierarchiesDate": {
    "date": "$.currentBusinessDate",
    "nodes": {
      "url": "feed-monitor/v1/portfolio-hierarchies?date={$.currentBusinessDate}&includeSimplePortfolios=false",
      "dataPath": "$",
      "additionalData": {
        "$argId": "{parent.currentBusinessDate}"
      }
    }
  },
  "RiskContainerStatus": {
    "id": "{$.id}:{$.$argId}",
    "containerId": "$.id",
    "overall": "$.status.overall",
    "cube": "$.status.cube",
    "subCube": "$.status.subCube",
    "fvaCube": "$.status.fvaCube",
    "fvaSubCube": "$.status.fvaSubCube",
    "rdw": "$.status.rdw",
    "signOff": {
      "dataPath": "$.status.signOff",
      "additionalData": {
        "noData": "{$.status.rdw.noData}"
      }
    }
  },
  "SignOffStatusSummary": {
    "pending": "$.notStarted"
  },
  "RiskDataReport": {
    "id": "{$.id}-{$.container}",
    "reportId": "$.id"
  },
  "ReportType": {
    "name": {
      "dataPath": "$.value"
    }
  },
  "SourceSystem": {
    "environments": {
      "url": "feed-monitor/v1/source-system-environments",
      "dataPath": "$[?(@.sourceSystem.id=={$.id})]"
    }
  },
  "SourceSystemEnvironment": {
    "fxRateSource": {
      "dataPath": "$.fxRateSource",
      "decorators": [
        {
          "name": "split",
          "params": {
            "separator": ";"
          }
        }
      ]
    },
    "mrePositionSource": {
      "dataPath": "$.mrePositionSource",
      "decorators": [
        {
          "name": "split",
          "params": {
            "separator": ";"
          }
        }
      ]
    }
  },
  "PortfolioHierarchyNode": {
    "id": "{$.id}:{$.$argId}",
    "nodeId": "$.id",
    "parent": {
      "dataPath": "$.parent",
      "additionalData": {
        "id": "{$.parent.id}:{$.$argId}",
        "nodeId": "{$.parent.id}"
      },
      "decorators": [
        {
          "name": "nullIfTemplateEvaluatesTo",
          "params": {
            "template": "{$.nodeId}",
            "value": "0"
          }
        }
      ]
    }
  },
  "PreviousCubeVersion": {
    "id": "$.cubeVersion"
  },
  "FeedREMEvent": {
    "feedID": "$.feed.id",
    "historyID": "$.history.id",
    "payloadID": "$.payload.id",
    "returnCode": "$.status.returnCode",
    "stateCode": "$.status.stateCode",
    "statusLog": "$.logs.statusLog",
    "exceptionLog": "$.logs.exceptionLog"
  },
  "CubeVersion": {
    "id": "$",
    "text": "$"
  },
  "FeedCount": {
    "fvaSubcubePositionEtl": "$.fvaSubCubePositionEtl"
  }
}
