{
  "Query": {
    "SpecificRiskAudit": {
      "url": "feed-monitor/v1/sr-audit?fromDate={args.from}&toDate={args.to}&measureType={args.measureType}",
      "dataPath": "$"
    },
    "SpecificRiskAuditMeasureTypes": [
      { "id": "Record Count", "text": "Record Count" },
      { "id": "Start Time", "text": "Start Time" },
      { "id": "End Time", "text": "End Time" },
      { "id": "Duration in seconds", "text": "Duration in seconds" }
    ]
  },
  "SpecificRiskAudit": {
    "date": "$.COBDate",
    "tenDayVaR": "$.10 Day VaR",
    "stressVaR": "$.Stress VaR",
    "specRiskIR": "$.Spec Risk IR",
    "specRiskEQ": "$.Spec Risk EQ",
    "specRiskSec": "$.Spec Risk Sec",
    "economicalCap": "$.Economical Cap",
    "tenDayVaRAssetType": "$.10 Day VaR (Asset Type)",
    "stressVaRAssetType": "$.Stress VaR (Asset Type)"
  }
}
