{
  "Query": {
    "StaticDataAuditHistory": {
      "$extra": {
        "AuditHistoryTypeSystemIdMap": {
          "46": {
            "url": "reference-data/v1/credit-stress-issuer-audit-history?auditId={args.auditId}&ccyID={args.additionalParam.ccyID}&daysToMaturity={args.additionalParam.daysToMaturity}&typeSystemId={args.staticDataTypeId}",
            "dataPath": "$"
          },
          "47": {
            "url": "reference-data/v1/credit-stress-bond-rating-audit-history?auditId={args.auditId}&ccyID={args.additionalParam.ccyID}&daysToMaturity={args.additionalParam.daysToMaturity}&typeSystemId={args.staticDataTypeId}",
            "dataPath": "$"
          },
          "50": {
            "url": "reference-data/v1/holding-period-audit-history?auditId={args.auditId}&cobDate={args.additionalParam.cobDate}",
            "dataPath": "$"
          },
          "52": {
            "url": "reference-data/v1/repo-typology-map-audit-history?auditId={args.auditId}&typeSystemId={args.staticDataTypeId}&typology={args.additionalParam.typology}",
            "dataPath": "$"
          },
          "54": {
            "url": "reference-data/v1/holding-period-excluded-issuer-ccy-audit-history?auditId={args.auditId}&ccyID={args.additionalParam.ccyID}&typeSystemId={args.staticDataTypeId} ",
            "dataPath": "$"
          },
          "10001": {
            "url": "limits/v1/audit-history-market-risk-business-management?marketRiskBusinessId={args.additionalParam.marketRiskBusinessId}&userId={args.additionalParam.userId}",
            "dataPath": "$"
          },
          "10002": {
            "url": "limits/v1/audit-history?id={args.auditId}&typeSystemId={args.staticDataTypeId}",
            "dataPath": "$"
          },
          "10003": {
            "url": "limits/v1/audit-history?id={args.auditId}&typeSystemId={args.staticDataTypeId}",
            "dataPath": "$"
          },
          "10004": {
            "url": "limits/v1/audit-history?id={args.auditId}&typeSystemId={args.staticDataTypeId}",
            "dataPath": "$"
          },
          "10005": {
            "url": "limits/v1/audit-history?id={args.auditId}&typeSystemId={args.staticDataTypeId}",
            "dataPath": "$"
          },
          "10006": {
            "url": "limits/v1/audit-history?id={args.auditId}&typeSystemId={args.staticDataTypeId}",
            "dataPath": "$"
          },
          "10007": {
            "url": "limits/v1/audit-history?id={args.auditId}&typeSystemId={args.staticDataTypeId}",
            "dataPath": "$"
          },
          "10008": {
            "url": "limits/v1/audit-history?id={args.auditId}&typeSystemId={args.staticDataTypeId}",
            "dataPath": "$"
          },
          "10009": {
            "url": "limits/v1/audit-history?id={args.auditId}&typeSystemId={args.staticDataTypeId}",
            "dataPath": "$"
          },
          "10010": {
            "url": "limits/v1/audit-history?id={args.auditId}&typeSystemId={args.staticDataTypeId}",
            "dataPath": "$"
          }
        }
      },
      "url": "reference-data/v1/audit-history?auditId={args.auditId}&typeSystemId={args.staticDataTypeId}",
      "dataPath": "$"
    },
    "StaticDataPortfolios": { "url": "reference-data/v1/portfolios", "dataPath": "$" },
    "StaticDataRevenueCodes": { "url": "reference-data/v1/revenue-code", "dataPath": "$" },
    "StaticDataLegalEntities": { "url": "reference-data/v1/legal-entity", "dataPath": "$" },
    "StaticDataCapitalHierarchies": {
      "url": "reference-data/v1/capital-multipliers",
      "dataPath": "$"
    },
    "StaticDataAssetTypes": {
      "url": "reference-data/v1/type-system-parameters",
      "dataPath": "$[?(@.system.name == 'Portfolio_AssetType')]"
    },
    "StaticDataBookTypes": {
      "url": "reference-data/v1/type-system-parameters",
      "dataPath": "$[?(@.system.name == 'Portfolio_BookType')]"
    },
    "StaticDataHyperionUnits": {
      "url": "reference-data/v1/type-system-parameters",
      "dataPath": "$[?(@.system.name == 'Portfolio_HyperionUnit')]"
    },
    "StaticDataCreditBooks": {
      "url": "reference-data/v1/type-system-parameters",
      "dataPath": "$[?(@.system.name == 'Portfolio_CreditBook')]"
    },
    "StaticDataInstruments": {
      "$extra": {
        "InstrumentsTypeMap": {
          "NOT_MATURED": {
            "url": "reference-data/v1/not-matured-instrument-with-attributes",
            "dataPath": "$",
            "decorators": [
              { "name": "populateModifiedFlag" },
              {
                "name": "transformOptionFields",
                "params": {
                  "fields": [
                    "Currency",
                    "genericSeniorityTypeSystem",
                    "snpIssueRating",
                    "fitchIssueRating",
                    "Issuer",
                    "SPResultantRating",
                    "MOResultantRating",
                    "FitchResultantRating",
                    "ACApraDerivedRating",
                    "holdingPeriodStatusTypeSystem",
                    "creditIndexTypeTypeSystem",
                    "equityMarketCapTypeSystem",
                    "apraRankTypeSystem",
                    "basel3DesignationOverrideSystem",
                    "apraStressSecTypeSystem",
                    "ACSPResultantRating",
                    "ACMoodyResultantRating",
                    "ACFitchResultantRating",
                    "curveAssignmentRatingOverride",
                    "curveAssignmentRating",
                    "overrideRatingBandSec",
                    "derivedRatingOverride",
                    "overrideSRCatSec",
                    "collatSecurityInstrument",
                    "entityOfRiskIssuer",
                    "guaranteeIssuer",
                    "issuanceCountry",
                    "limitEntityIssuer",
                    "moIssueRating"
                  ]
                }
              },
              {
                "name": "copyProperties",
                "params": {
                  "properties": [
                    {
                      "copyFrom": "issuerDescription",
                      "copyTo": "Issuer",
                      "newFieldName": "description"
                    },
                    {
                      "copyFrom": "guarantorIssuerDescription",
                      "copyTo": "guaranteeIssuer",
                      "newFieldName": "description"
                    }
                  ]
                }
              }
            ]
          }
        }
      },
      "url": "reference-data/v1/instrument-with-attributes",
      "dataPath": "$",
      "decorators": [
        { "name": "populateModifiedFlag" },
        {
          "name": "transformOptionFields",
          "params": {
            "fields": [
              "Currency",
              "genericSeniorityTypeSystem",
              "snpIssueRating",
              "fitchIssueRating",
              "Issuer",
              "SPResultantRating",
              "MOResultantRating",
              "FitchResultantRating",
              "ACApraDerivedRating",
              "holdingPeriodStatusTypeSystem",
              "creditIndexTypeTypeSystem",
              "equityMarketCapTypeSystem",
              "apraRankTypeSystem",
              "basel3DesignationOverrideSystem",
              "apraStressSecTypeSystem",
              "ACSPResultantRating",
              "ACMoodyResultantRating",
              "ACFitchResultantRating",
              "curveAssignmentRatingOverride",
              "curveAssignmentRating",
              "overrideRatingBandSec",
              "derivedRatingOverride",
              "overrideSRCatSec",
              "collatSecurityInstrument",
              "entityOfRiskIssuer",
              "guaranteeIssuer",
              "issuanceCountry",
              "limitEntityIssuer",
              "moIssueRating"
            ]
          }
        },
        {
          "name": "copyProperties",
          "params": {
            "properties": [
              {
                "copyFrom": "issuerDescription",
                "copyTo": "Issuer",
                "newFieldName": "description"
              },
              {
                "copyFrom": "guarantorIssuerDescription",
                "copyTo": "guaranteeIssuer",
                "newFieldName": "description"
              }
            ]
          }
        }
      ]
    },
    "StaticDataInstrumentCreditIndexTypes": {
      "url": "reference-data/v1/type-system-parameters",
      "dataPath": "$[?(@.system.name == 'Instrument_CreditIndexType')]"
    },
    "StaticDataInstrumentAPRARanks": {
      "url": "reference-data/v1/type-system-parameters",
      "dataPath": "$[?(@.system.name == 'Instrument_ApraRank')]"
    },
    "StaticDataCountries": { "url": "reference-data/v1/country", "dataPath": "$" },
    "StaticDataSeniorityMaps": { "url": "reference-data/v1/seniority-map", "dataPath": "$" },
    "StaticDataUnderlyingCCYs": {
      "url": "reference-data/v1/currency-with-attributes",
      "dataPath": "$"
    },
    "StaticDataIssuerFamilies": {
      "url": "reference-data/v1/type-system-parameters",
      "dataPath": "$[?(@.system.name == 'Issuer_IssuerFamily')]"
    },
    "StaticDataIssuerTypes": {
      "url": "reference-data/v1/type-system-parameters",
      "dataPath": "$[?(@.system.name == 'Issuer_IssuerType')]"
    },
    "StaticDataIssuerGuaranteedList": {
      "url": "reference-data/v1/type-system-parameters",
      "dataPath": "$[?(@.system.name == 'Issuer_IssuerGuaranteed')]"
    },
    "StaticDataLongTermCreditRatings": {
      "url": "reference-data/v1/credit-rating-with-attribute",
      "dataPath": "$"
    },
    "StaticDataCapletSwaptionVegaBuckets": {
      "url": "reference-data/v1/caplet-swaption-vega-bucket",
      "dataPath": "$"
    },
    "StaticDataGenericSeniorities": {
      "url": "reference-data/v1/type-system-parameters",
      "dataPath": "$[?(@.system.name == 'SeniorityMap_GenericSeniority')]"
    },
    "StaticDataInstrumentAssetSwapSpreads": {
      "url": "reference-data/v1/asset-swap-spread-by-cob-date?cobDate={args.cob}",
      "dataPath": "$",
      "decorators": [
        { "name": "mapField", "params": { "originalField": "Instrument", "newField": "id" } },
        {
          "name": "populateStaticFields",
          "params": { "modified": false, "compositeKey": ["ISIN", "spread"] }
        }
      ]
    },
    "StaticDataCCYFamilyFXOs": {
      "url": "reference-data/v1/type-system-parameters",
      "dataPath": "$[?(@.system.name == 'DealCurrency_CcyFamilyFXO')]"
    },
    "StaticDataCCYGroups": {
      "url": "reference-data/v1/type-system-parameters",
      "dataPath": "$[?(@.system.name == 'DealCurrency_CcyGroup')]"
    },
    "StaticDataSTFSectors": {
      "url": "reference-data/v1/type-system-parameters",
      "dataPath": "$[?(@.system.name == 'STFSector')]"
    },
    "StaticDataCCYCDSDeliverables": {
      "url": "reference-data/v1/type-system-parameters",
      "dataPath": "$[?(@.system.name == 'Currency_CdsDeliverable')]"
    },
    "StaticDataCCYPairOnOffShores": {
      "url": "reference-data/v1/type-system-parameters",
      "dataPath": "$[?(@.system.name == 'CurrencyPair_CcyPairGroup')]"
    },
    "StaticDataCCYPairFamilies": {
      "url": "reference-data/v1/type-system-parameters",
      "dataPath": "$[?(@.system.name == 'CurrencyPair_CcyPairFamily')]"
    },
    "CapitalMultiplier": { "url": "reference-data/v1/capital-multipliers", "dataPath": "$" },
    "StaticDataInternalCounterParties": {
      "url": "reference-data/v1/type-system-parameters",
      "dataPath": "$[?(@.system.id == 1010)]"
    },
    "AssetType": {
      "url": "reference-data/v1/type-system-parameters",
      "dataPath": "$[?(@.system.name == 'Portfolio_AssetType')]"
    },
    "RevenueCodeHierarchy": { "url": "hierarchy/v1/hierarchies/14/nodes", "dataPath": "$" },
    "RiskHierarchy": { "url": "hierarchy/v1/hierarchies/1/nodes", "dataPath": "$" },
    "GeographyHierarchy": { "url": "hierarchy/v1/hierarchies/7/nodes", "dataPath": "$" },
    "FinanceHierarchy": { "url": "hierarchy/v1/hierarchies/13/nodes", "dataPath": "$" },
    "HyperionUnit": {
      "url": "reference-data/v1/type-system-parameters",
      "dataPath": "$[?(@.system.name == 'Portfolio_HyperionUnit')]"
    },
    "SyntheticPortfolio": { "url": "reference-data/v1/portfolios", "dataPath": "$" },
    "BookType": {
      "url": "reference-data/v1/type-system-parameters",
      "dataPath": "$[?(@.system.name == 'Portfolio_BookType')]"
    },
    "AccountingType": {
      "url": "reference-data/v1/type-system-parameters",
      "dataPath": "$[?(@.system.id == 1115)]"
    },
    "CreditBookType": {
      "url": "reference-data/v1/type-system-parameters",
      "dataPath": "$[?(@.system.name == 'Portfolio_CreditBook')]"
    },
    "StaticDataCurrencyPairStealthTypes": {
      "url": "reference-data/v1/type-system-parameters",
      "dataPath": "$[?(@.system.id == 1114)]"
    },
    "StaticDataCOMDeltaGammaLotConversionFactors": {
      "url": "reference-data/v1/type-system-parameters",
      "dataPath": "$[?(@.system.id == 1003)]"
    },
    "StaticDataCOMAPRAStressLabels": {
      "url": "reference-data/v1/type-system-parameters",
      "dataPath": "$[?(@.system.id == 1002)]"
    },
    "StaticDataUnderlyingCCYPairs": {
      "url": "reference-data/v1/currency-pair-with-attributes",
      "dataPath": "$"
    },
    "StaticDataCOMIndexNames": {
      "url": "reference-data/v1/type-system-parameters",
      "dataPath": "$[?(@.system.id == 1004)]"
    },
    "StaticDataEQSpecificRiskWeights": {
      "url": "reference-data/v1/type-system-parameters",
      "dataPath": "$[?(@.system.id == 1040)]"
    },
    "StaticDataUnderlyingIRCurves": {
      "url": "reference-data/v1/curve-with-attributes",
      "dataPath": "$"
    },
    "StaticDataCOMPriceQuotations": {
      "url": "reference-data/v1/type-system-parameters",
      "dataPath": "$[?(@.system.id == 1006)]"
    },
    "StaticDataCOMTypes": {
      "url": "reference-data/v1/type-system-parameters",
      "dataPath": "$[?(@.system.id == 1007)]"
    },
    "StaticDataCOMSubTypes": {
      "url": "reference-data/v1/type-system-parameters",
      "dataPath": "$[?(@.system.id == 1008)]"
    },
    "StaticDataSingleCurveTypeCurves": {
      "url": "reference-data/v1/type-system-parameters",
      "dataPath": "$[?(@.system.id == 1055)]"
    },
    "StaticDataCOMUnits": {
      "url": "reference-data/v1/type-system-parameters",
      "dataPath": "$[?(@.system.id == 1009)]"
    },
    "StaticDataCurveTypeCurves": {
      "url": "reference-data/v1/type-system-parameters",
      "dataPath": "$[?(@.system.id == 1054)]"
    },
    "StaticDataGeographies": { "url": "reference-data/v1/geography", "dataPath": "$" },
    "StaticDataGrpNationalMarkets": {
      "url": "reference-data/v1/type-system-parameters",
      "dataPath": "$[?(@.system.id == 1031)]"
    },
    "StaticDataStealthHealthRanges": {
      "url": "reference-data/v1/stealth-health-ranges",
      "dataPath": "$"
    },
    "StaticDataCOMANZStressGroups": {
      "url": "reference-data/v1/type-system-parameters",
      "dataPath": "$[?(@.system.id == 1001)]"
    },
    "StaticDataUnderlyingCOMs": {
      "url": "reference-data/v1/commodity-with-attributes",
      "dataPath": "$"
    },
    "StaticDataUnderlyingEQs": {
      "url": "reference-data/v1/ticker-with-attributes",
      "dataPath": "$"
    },
    "StaticDataStealthMaturityRanges": {
      "url": "reference-data/v1/stealth-maturity-ranges",
      "dataPath": "$"
    },
    "StaticDataGenericTermPillarsBaseMetalsDeltaVegas": {
      "url": "reference-data/v1/bucket-gen-pillar-base-metals",
      "dataPath": "$"
    },
    "StaticDataEquityVegaNetBuckets": {
      "url": "reference-data/v1/bucket-equity-vega",
      "dataPath": "$"
    },
    "StaticDataFXOVegaNetBuckets": { "url": "reference-data/v1/bucket-fxo-vega", "dataPath": "$" },
    "StaticDataNationalMarkets": {
      "url": "reference-data/v1/security-market-with-attribute",
      "dataPath": "$"
    },
    "StaticDataCreditStressBondRatings": {
      "url": "reference-data/v1/credit-stress-bond-rating",
      "dataPath": "$"
    },
    "StaticDataCreditStressCDSRatings": {
      "url": "reference-data/v1/credit-stress-cdsratings",
      "dataPath": "$"
    },
    "StaticDataCreditStressTopCDSIssuers": {
      "url": "reference-data/v1/credit-stress-top-cdscompress",
      "dataPath": "$"
    },
    "StaticDataHaircutReferences": {
      "url": "reference-data/v1/haircut-reference",
      "dataPath": "$"
    },
    "StaticDataBespokeHaircuts": { "url": "reference-data/v1/bespoke-haircut", "dataPath": "$" },
    "StaticDataD2ADefaultNamespaces": {
      "url": "reference-data/v1/d2adefault-namespaces",
      "dataPath": "$"
    },
    "StaticDataGrpEQTypes": {
      "url": "reference-data/v1/type-system-parameters",
      "dataPath": "$[?(@.system.id == 1034)]"
    },
    "StaticDataGrpEQRegions": {
      "url": "reference-data/v1/type-system-parameters",
      "dataPath": "$[?(@.system.id == 1032)]"
    },
    "StaticDataGrpEQTiers": {
      "url": "reference-data/v1/type-system-parameters",
      "dataPath": "$[?(@.system.id == 1033)]"
    },
    "StaticDataCreditStressCreditIndices": {
      "url": "reference-data/v1/credit-stress-credit-indices",
      "dataPath": "$"
    },
    "StaticDataCreditStressSpreadTenBondDefaultStresses": {
      "url": "reference-data/v1/default-credit-stress-factor",
      "dataPath": "$"
    },
    "StaticDataCreditStressBondIssuers": {
      "url": "reference-data/v1/credit-stress-issuer",
      "dataPath": "$"
    },
    "StaticDataCICSIssuerCodeMappings": {
      "url": "reference-data/v1/issuer-cicscode",
      "dataPath": "$"
    },
    "StaticDataEquityVegaUnderlyingBondETOTenors": {
      "url": "reference-data/v1/bucket-vega-bond-eto",
      "dataPath": "$"
    },
    "StaticDataVegaOptionExpiryNetBucketsCapFloorList": {
      "url": "reference-data/v1/bucket-option-vega-cap-flr",
      "dataPath": "$"
    },
    "StaticDataGrpSTFGeographies": {
      "url": "reference-data/v1/type-system-parameters",
      "dataPath": "$[?(@.system.id == 1068)]"
    },
    "StaticDataGenericTermPilarsPetroleumVegas": {
      "url": "reference-data/v1/bucket-gen-pillar-petroleum-vega",
      "dataPath": "$"
    },
    "StaticDataApportionmentExclusions": {
      "url": "reference-data/v1/apportionment-exclusion",
      "dataPath": "$"
    },
    "StaticDataCRDICompositions": {
      "url": "reference-data/v1/crdindex-compositions?cobDate={args.cob}",
      "dataPath": "$"
    },
    "StaticDataVegaOptionExpiryNetBucktsSwaptionEtos": {
      "url": "reference-data/v1/bucket-option-vega-swaption-eto",
      "dataPath": "$"
    },
    "StaticDataDTwoAForms": { "url": "reference-data/v1/d2aforms", "dataPath": "$" },
    "StaticDataEquityUnderlyingSpecificRiskMaps": {
      "url": "reference-data/v1/ticker-specific-risk-map",
      "dataPath": "$"
    },
    "StaticDataCommodityTypeMappings": {
      "url": "reference-data/v1/commodity-code-map",
      "dataPath": "$"
    },
    "StaticDataLMENonDeliveryDays": {
      "url": "reference-data/v1/lme-non-delivery-day",
      "dataPath": "$",
      "decorators": [{ "name": "generateIncrementalID" }]
    },
    "StaticDataRatingOverrides": { "url": "reference-data/v1/rating-override", "dataPath": "$" },
    "StaticDataRepoTypologyMaps": {
      "url": "reference-data/v1/repo-typology-map",
      "dataPath": "$",
      "decorators": [
        { "name": "generateIncrementalID", "params": { "generatedFieldName": "auditId" } }
      ]
    },
    "StaticDataRiskThresholdCatchAllList": {
      "url": "reference-data/v1/risk-type",
      "dataPath": "$"
    },
    "StaticDataShortTermCreditRatings": {
      "url": "reference-data/v1/short-term-credit-rating",
      "dataPath": "$"
    },
    "StaticDataSpecRiskTradeExclusions": {
      "url": "reference-data/v1/trade-exclusion",
      "dataPath": "$"
    },
    "StaticDataSpecificRiskCapitalCharges": {
      "url": "reference-data/v1/srircapital-charge",
      "dataPath": "$"
    },
    "StaticDataGenericTermPillarsCoalIronOreDeltas": {
      "url": "reference-data/v1/bucket-gen-pillar-coal-iron-ore",
      "dataPath": "$"
    },
    "StaticDataGenericTermPillarsPetroleumDeltas": {
      "url": "reference-data/v1/bucket-gen-pillar-petroleum",
      "dataPath": "$"
    },
    "StaticDataGenericTermPillarsEmissions": {
      "url": "reference-data/v1/bucket-gen-pillar-emission",
      "dataPath": "$"
    },
    "StaticDataSpecificRiskLongTermIssues": {
      "url": "reference-data/v1/srlong-term-issues",
      "dataPath": "$"
    },
    "StaticDataVegaUnderlyingSwapBondMaturityNetBuckets": {
      "url": "reference-data/v1/bucket-vega-swaption-bond-mat",
      "dataPath": "$"
    },
    "StaticDataCustomMembers": { "url": "reference-data/v1/custom-members", "dataPath": "$" },
    "StaticDataHoldingPeriodExcludedIssuerCcys": {
      "url": "reference-data/v1/holding-period-excluded-issuer-ccy",
      "dataPath": "$"
    },
    "StaticDataLiquidityGeoMappings": {
      "url": "reference-data/v1/liquidity-geo-mappings",
      "dataPath": "$"
    },
    "StaticDataSpecificRiskShortTermIssues": {
      "url": "reference-data/v1/srshort-term-issues",
      "dataPath": "$"
    },
    "StaticDataVegaNetBucketingAllList": { "url": "reference-data/v1/bucket-all", "dataPath": "$" },
    "StaticDataHoldingPeriodTrades": {
      "url": "reference-data/v1/holding-period-trade?cobDate={args.cob}",
      "dataPath": "$",
      "additionalData": { "cob": "{args.cob}" }
    },
    "StaticDataPillarXCCYBasisBasisGammaList": {
      "url": "reference-data/v1/bucket-ccy-basis-gamma",
      "dataPath": "$"
    },
    "StaticDataTenorAndDaystoMaturities": { "url": "reference-data/v1/tenor-eto", "dataPath": "$" },
    "StaticDataPillarsSingleCCYBasisList": {
      "url": "reference-data/v1/bucket-single-ccy-basis",
      "dataPath": "$"
    },
    "StaticDataNetBucketingCR01List": {
      "url": "reference-data/v1/net-bucket-cr01",
      "dataPath": "$"
    },
    "StaticDataNetBucketingDV01List": {
      "url": "reference-data/v1/net-bucket-dv01",
      "dataPath": "$"
    },
    "StaticDataPillarsDV01List": { "url": "reference-data/v1/bucket-dv01", "dataPath": "$" },
    "StaticDataPillarsVegaETOBonds": {
      "url": "reference-data/v1/bucket-vega-eto-bond-mat",
      "dataPath": "$"
    },
    "StaticDataNetBucketXccyBasisGammas": {
      "url": "reference-data/v1/net-bucket-xccy-basis",
      "dataPath": "$"
    },
    "StaticDataNetBucketSingleCcyBasisList": {
      "url": "reference-data/v1/net-bucket-single-ccy-basis",
      "dataPath": "$"
    },
    "StaticDataPillarsCr01s": { "url": "reference-data/v1/bucket-cr01", "dataPath": "$" },
    "StaticDataProductHierarchies": { "url": "reference-data/v1/product", "dataPath": "$" },
    "StaticDataRepoStfSensitivities": {
      "url": "reference-data/v1/bucket-stfrepo",
      "dataPath": "$"
    },
    "StaticDataCounterparties": {
      "url": "reference-data/v1/counter-party-with-attributes",
      "dataPath": "$",
      "decorators": [
        { "name": "populateModifiedFlag" },
        {
          "name": "transformOptionFields",
          "params": {
            "fields": ["Country", "SourceKey", "STFSectorTypeSystem", "internalGroupTypeSystem"]
          }
        }
      ]
    },
    "SingleCurveType": {
      "url": "reference-data/v1/type-system-parameters",
      "dataPath": "$[?(@.system.id == 1055)]"
    },
    "CurveType": {
      "url": "reference-data/v1/type-system-parameters",
      "dataPath": "$[?(@.system.id == 1054)]"
    },
    "LegalEntityHierarchy": { "url": "hierarchy/v1/hierarchies/9/nodes", "dataPath": "$" },
    "CommodityUnderlyingCode": { "url": "reference-data/v1/commodity", "dataPath": "$" },
    "StaticDataVolckerDesk": { "url": "reference-data/v1/volcker-desk", "dataPath": "$" },
    "CCYPairFamily": {
      "url": "reference-data/v1/type-system-parameters",
      "dataPath": "$[?(@.system.id == 1023)]"
    },
    "CCYPairOnOffShore": {
      "url": "reference-data/v1/type-system-parameters",
      "dataPath": "$[?(@.system.id == 1066)]"
    },
    "SrCategory": { "url": "reference-data/v1/srcategory", "dataPath": "$" },
    "SrTenor": { "url": "reference-data/v1/srir-capital-charge-tenors", "dataPath": "$" },
    "RatingBandTypeSystem": {
      "url": "reference-data/v1/type-system-parameters",
      "dataPath": "$[?(@.system.id == 1013 || @.system.id == 1014)]"
    },
    "PriceQuotationTypeSystem": {
      "url": "reference-data/v1/type-system-parameters",
      "dataPath": "$[?(@.system.id == 1006)]"
    },
    "ProductGroupTypeSystem": {
      "url": "reference-data/v1/type-system-parameters",
      "dataPath": "$[?(@.system.id == 1007)]"
    },
    "ProductSubGroupTypeSystem": {
      "url": "reference-data/v1/type-system-parameters",
      "dataPath": "$[?(@.system.id == 1008)]"
    },
    "ApraStressLabelTypeSystem": {
      "url": "reference-data/v1/type-system-parameters",
      "dataPath": "$[?(@.system.id == 1002)]"
    },
    "AnzStressLabelTypeSystem": {
      "url": "reference-data/v1/type-system-parameters",
      "dataPath": "$[?(@.system.id == 1001)]"
    },
    "IndexNameTypeSystem": {
      "url": "reference-data/v1/type-system-parameters",
      "dataPath": "$[?(@.system.id == 1004)]"
    },
    "UnitTypeSystem": {
      "url": "reference-data/v1/type-system-parameters",
      "dataPath": "$[?(@.system.id == 1009)]"
    },
    "DeltaGammaLotConversionTypeSystem": {
      "url": "reference-data/v1/type-system-parameters",
      "dataPath": "$[?(@.system.id == 1003)]"
    },
    "CCYFamilyGroup": {
      "url": "reference-data/v1/type-system-parameters",
      "dataPath": "$[?(@.system.id == 1063)]"
    },
    "CCYGroupType": {
      "url": "reference-data/v1/type-system-parameters",
      "dataPath": "$[?(@.system.id == 1064)]"
    },
    "CCYCdsDeliverableType": {
      "url": "reference-data/v1/type-system-parameters",
      "dataPath": "$[?(@.system.id == 1056)]"
    },
    "CurveList": { "url": "reference-data/v1/curve", "dataPath": "$" },
    "StaticDataIssuers": {
      "url": "reference-data/v1/issuer-with-attribute",
      "dataPath": "$",
      "decorators": [
        { "name": "populateFullnameByLanId" },
        { "name": "populateModifiedFlag" },
        {
          "name": "transformOptionFields",
          "params": {
            "fields": [
              "Country",
              "ratingBandTypeSystem",
              "SRCategory",
              "fitchIssueRating",
              "moIssueRating",
              "snpIssueRating",
              "issuerFamilyTypeSystem",
              "issuerGuaranteedTypeSystem",
              "issuerTypeTypeSystem",
              "STFSectorTypeSystem",
              "parentIssuer"
            ]
          }
        },
        {
          "name": "copyProperties",
          "params": {
            "properties": [
              {
                "copyFrom": "parentIssuerDescription",
                "copyTo": "parentIssuer",
                "newFieldName": "description"
              }
            ]
          }
        }
      ]
    },
    "GenericSeniority": {
      "url": "reference-data/v1/type-system-parameters",
      "dataPath": "$[?(@.system.id == 1053)]"
    },
    "BaseCurrency": { "url": "reference-data/v1/currency-with-attributes", "dataPath": "$" },
    "Geography": { "url": "reference-data/v1/geography", "dataPath": "$" },
    "STFGeographyTypeSystem": {
      "url": "reference-data/v1/type-system-parameters",
      "dataPath": "$[?(@.system.id == 1068)]"
    },
    "FRTBGeographyTypeSystem": {
      "url": "reference-data/v1/type-system-parameters",
      "dataPath": "$[?(@.system.id == 1080)]"
    },
    "CICSIssuer": { "url": "reference-data/v1/issuer-with-attribute", "dataPath": "$" },
    "IssuerType": {
      "url": "reference-data/v1/type-system-parameters",
      "dataPath": "$[?(@.system.name == 'Issuer_IssuerType')]"
    },
    "RatingBandOverrideTypeSystem": {
      "url": "reference-data/v1/type-system-parameters",
      "dataPath": "$[?(@.system.id == 1041 || @.system.id == 1013 || @.system.id == 1014 || @.system.id == 1015)]"
    },
    "IssuerFamilyType": {
      "url": "reference-data/v1/type-system-parameters",
      "dataPath": "$[?(@.system.name == 'Issuer_IssuerFamily')]"
    },
    "IssuerGuaranteedTypeSystem": {
      "url": "reference-data/v1/type-system-parameters",
      "dataPath": "$[?(@.system.name == 'Issuer_IssuerGuaranteed')]"
    },
    "SnpIssueRatingTypeSystem": {
      "url": "reference-data/v1/credit-rating-with-attribute",
      "dataPath": "$[?(@.agency == 'SNP')]"
    },
    "MOIssueRatingTypeSystem": {
      "url": "reference-data/v1/credit-rating-with-attribute",
      "dataPath": "$[?(@.agency == 'MOODYS')]"
    },
    "FitchIssueRatingTypeSystem": {
      "url": "reference-data/v1/credit-rating-with-attribute",
      "dataPath": "$[?(@.agency == 'FITCH')]"
    },
    "StfSectorTypeSystem": {
      "url": "reference-data/v1/type-system-parameters",
      "dataPath": "$[?(@.system.name == 'STFSector')]"
    },
    "Currency": { "url": "reference-data/v1/currency-with-attributes", "dataPath": "$" },
    "NationalMarketType": {
      "url": "reference-data/v1/type-system-parameters",
      "dataPath": "$[?(@.system.id == 1031)]"
    },
    "SecurityMarket": {
      "url": "reference-data/v1/security-market-with-attribute",
      "dataPath": "$"
    },
    "EQType": {
      "url": "reference-data/v1/type-system-parameters",
      "dataPath": "$[?(@.system.id == 1034)]"
    },
    "EQRegion": {
      "url": "reference-data/v1/type-system-parameters",
      "dataPath": "$[?(@.system.id == 1032)]"
    },
    "EQTier": {
      "url": "reference-data/v1/type-system-parameters",
      "dataPath": "$[?(@.system.id == 1033)]"
    },
    "EQSpecificRiskWeight": {
      "url": "reference-data/v1/type-system-parameters",
      "dataPath": "$[?(@.system.id == 1040)]"
    },
    "GlobalBusinessUnit": { "url": "reference-data/v1/global-business-unit", "dataPath": "$" },
    "ReportingCategory": { "url": "reference-data/v1/volcker-reporting-category", "dataPath": "$" },
    "UnderlyingEQList": { "url": "reference-data/v1/ticker-with-attributes", "dataPath": "$" },
    "NetBucketCR01": { "url": "reference-data/v1/net-bucket-cr01", "dataPath": "$" },
    "Country": { "url": "reference-data/v1/country", "dataPath": "$" },
    "CMRCPeriods": { "url": "limits/v1/cmrc-period", "dataPath": "$" },
    "InternalCounterparty": {
      "url": "reference-data/v1/type-system-parameters",
      "dataPath": "$[?(@.system.id == 1010)]"
    },
    "STFSector": {
      "url": "reference-data/v1/type-system-parameters",
      "dataPath": "$[?(@.system.name == 'STFSector')]"
    },
    "ANZRatingBand": {
      "url": "reference-data/v1/type-system-parameters",
      "dataPath": "$[?(@.system.id == 1011)]"
    },
    "CRIndexType": {
      "url": "reference-data/v1/type-system-parameters",
      "dataPath": "$[?(@.system.id == 1045)]"
    },
    "Agency": ["SNP", "MOODYS", "FITCH"],
    "Operation": {
      "url": "reference-data/v1/custom-member-operations",
      "dataPath": "$[?(@.isHidden == 'false')]"
    },
    "UnderlyingType": {
      "url": "reference-data/v1/type-system",
      "dataPath": "$[?((@.parentID != -2 && @.isLimitDimension == true) || @.id == 8 || @.id == 9)]"
    },
    "UnderlyingNameList": {
      "url": "reference-data/v1/type-values-by-id?typeSystemId={args.typeId}",
      "dataPath": "$",
      "additionalData": { "typeId": "{args.typeId}" }
    },
    "StaticDataPortfolioConfigs": { "url": "reference-data/v1/portfolio-configs", "dataPath": "$" },
    "Portfolio": { "url": "reference-data/v1/portfolios", "dataPath": "$" },
    "TenorList": { "url": "reference-data/v1/tenors", "dataPath": "$" },
    "StaticDataDynamicLimitThresholds": {
      "url": "limits/v1/dynamic-limit-threshold",
      "dataPath": "$"
    },
    "StaticDataExcessReasons": { "url": "limits/v1/excess-reason", "dataPath": "$" },
    "MarketRiskBusinessGroupEmailMappings": {
      "url": "limits/v1/market-risk-business-group-email",
      "dataPath": "$"
    },
    "StaticDataMarketRiskBusinessGroups": {
      "url": "limits/v1/market-risk-business-group",
      "dataPath": "$"
    },
    "StaticDataLimitClassifications": { "url": "limits/v1/classifications", "dataPath": "$" },
    "MarketRiskBusinessMappings": { "url": "limits/v1/market-risk-business", "dataPath": "$" },
    "StaticDataPurposeForChanges": { "url": "limits/v1/purpose-for-change", "dataPath": "$" },
    "StaticDataGlobalProductLines": { "url": "limits/v1/global-product-lines", "dataPath": "$" },
    "ProductSubCategoryMappings": { "url": "limits/v1/product-sub-category", "dataPath": "$" },
    "MarketRiskBusinessAssignmentMappings": {
      "url": "limits/v1/market-risk-business-management",
      "dataPath": "$"
    },
    "ScheduleMappings": { "url": "limits/v1/schedules", "dataPath": "$" },
    "Basel3DesignationOverrideSystem": {
      "url": "reference-data/v1/type-system-parameters",
      "dataPath": "$[?(@.system.id == 1086)]"
    },
    "DerivedRating": {
      "url": "reference-data/v1/credit-rating-with-attribute",
      "dataPath": "$[?(@.agency == 'DERIVED')]"
    },
    "EquityMarketCapTypeSystem": {
      "url": "reference-data/v1/type-system-parameters",
      "dataPath": "$[?(@.system.id == 1081)]"
    },
    "APRARankTypeSystem": {
      "url": "reference-data/v1/type-system-parameters",
      "dataPath": "$[?(@.system.id == 1039)]"
    },
    "APRAStressSecuritisation": {
      "url": "reference-data/v1/type-system-parameters",
      "dataPath": "$[?(@.system.id == 1067)]"
    },
    "HoldingPeriodStatus": {
      "url": "reference-data/v1/type-system-parameters",
      "dataPath": "$[?(@.system.id == 1073)]"
    },
    "MRBusinessGrouping": { "url": "limits/v1/market-risk-business-group", "dataPath": "$" },
    "TradeBookingSystem": {
      "url": "reference-data/v1/type-values-by-id?typeSystemId=1136",
      "dataPath": "$"
    },
    "MarketRiskBusinessSelectors": { "url": "limits/v1/market-risk-business", "dataPath": "$" },
    "GlobalProductLine": { "url": "limits/v1/global-product-lines", "dataPath": "$" },
    "SnapShot": { "url": "limits/v1/snapshot", "dataPath": "$.dataMap" },
    "KeepwellAgreement": {
      "url": "reference-data/v1/issuer-with-attribute",
      "dataPath": "$"
    },
    "StaticDataCreditExtraOrdinaryStress": {
      "url": "reference-data/v1/credit-extraordinary-stresses",
      "dataPath": "$"
    }
  },
  "StaticDataPortfolio": {
    "modified": false,
    "isLEGroupSubset": "$.legalEntity.isLEGroupSubset",
    "mxLegalEntityCode": "$.legalEntity.mxLegalEntityCode",
    "isReviewed": "$",
    "reviewDate": "$.review.date",
    "reviewer": "$.review"
  },
  "StaticDataRevenueCode": { "modified": false, "isClean": "$.isClean" },
  "StaticDataAssetType": { "modified": false },
  "StaticDataHyperionUnit": { "modified": false },
  "StaticDataInstrumentCreditIndexType": { "modified": false },
  "StaticDataCreditBook": { "modified": false },
  "StaticDataLegalEntity": { "modified": false },
  "StaticDataBookType": { "modified": false },
  "StaticDataInstrumentAPRARank": { "modified": false },
  "StaticDataCapitalHierarchy": {
    "modified": false,
    "stressFactor": "$.var.stressFactor",
    "tenDayStd": "$.var['10DayStd']"
  },
  "StaticDataCCYFamilyFXO": { "modified": false },
  "StaticDataCapletSwaptionVegaBucket": {
    "modified": false,
    "termUnit": { "dataPath": "$.term", "decorators": [{ "name": "vegaBuckerTermUnit" }] },
    "net1m": {
      "dataPath": "$.net1m",
      "decorators": [
        { "name": "roundNumber", "params": { "decimalPlaces": 1, "applyToDecimalsOnly": true } }
      ]
    },
    "net3m": {
      "dataPath": "$.net3m",
      "decorators": [
        { "name": "roundNumber", "params": { "decimalPlaces": 1, "applyToDecimalsOnly": true } }
      ]
    },
    "net6m": {
      "dataPath": "$.net6m",
      "decorators": [
        { "name": "roundNumber", "params": { "decimalPlaces": 1, "applyToDecimalsOnly": true } }
      ]
    },
    "net1y": {
      "dataPath": "$.net1y",
      "decorators": [
        { "name": "roundNumber", "params": { "decimalPlaces": 1, "applyToDecimalsOnly": true } }
      ]
    },
    "net2y": {
      "dataPath": "$.net2y",
      "decorators": [
        { "name": "roundNumber", "params": { "decimalPlaces": 1, "applyToDecimalsOnly": true } }
      ]
    },
    "net3y": {
      "dataPath": "$.net3y",
      "decorators": [
        { "name": "roundNumber", "params": { "decimalPlaces": 1, "applyToDecimalsOnly": true } }
      ]
    },
    "net4y": {
      "dataPath": "$.net4y",
      "decorators": [
        { "name": "roundNumber", "params": { "decimalPlaces": 1, "applyToDecimalsOnly": true } }
      ]
    },
    "net5y": {
      "dataPath": "$.net5y",
      "decorators": [
        { "name": "roundNumber", "params": { "decimalPlaces": 1, "applyToDecimalsOnly": true } }
      ]
    },
    "net7y": {
      "dataPath": "$.net7y",
      "decorators": [
        { "name": "roundNumber", "params": { "decimalPlaces": 1, "applyToDecimalsOnly": true } }
      ]
    },
    "net10y": {
      "dataPath": "$.net10y",
      "decorators": [
        { "name": "roundNumber", "params": { "decimalPlaces": 1, "applyToDecimalsOnly": true } }
      ]
    },
    "net15y": {
      "dataPath": "$.net15y",
      "decorators": [
        { "name": "roundNumber", "params": { "decimalPlaces": 1, "applyToDecimalsOnly": true } }
      ]
    },
    "net20y": {
      "dataPath": "$.net20y",
      "decorators": [
        { "name": "roundNumber", "params": { "decimalPlaces": 1, "applyToDecimalsOnly": true } }
      ]
    },
    "net25y": {
      "dataPath": "$.net25y",
      "decorators": [
        { "name": "roundNumber", "params": { "decimalPlaces": 1, "applyToDecimalsOnly": true } }
      ]
    },
    "net30yPlus": {
      "dataPath": "$.net30yPlus",
      "decorators": [
        { "name": "roundNumber", "params": { "decimalPlaces": 1, "applyToDecimalsOnly": true } }
      ]
    }
  },
  "StaticDataSTFSector": { "modified": false },
  "StaticDataIssuerFamily": { "modified": false },
  "StaticDataCCYGroup": { "modified": false },
  "StaticDataCCYCDSDeliverable": { "modified": false },
  "StaticDataCountry": { "modified": false },
  "STFGeographyTypeSystemOption": { "text": "$.value" },
  "FRTBGeographyTypeSystemOption": { "text": "$.value" },
  "GeographyOption": { "text": "$.value" },
  "BaseCurrencyOption": { "text": "$.value" },
  "StaticDataSeniorityMap": { "modified": false, "id": "$.Seniority" },
  "StaticDataLongTermCreditRating": { "modified": false },
  "RatingBandSecTypeSystem": { "text": "$.value" },
  "AnzRatingTypeSystem": { "text": "$.value" },
  "RatingBandOtherTypeSystem": { "text": "$.value" },
  "RatingBandTypeSystem": { "text": "$.value" },
  "InvestmentGradeTypeSystem": { "text": "$.value" },
  "NationalMarketTypeSystem": { "text": "$.value" },
  "StaticDataGenericSeniority": { "modified": false },
  "StaticDataCCYPairFamily": { "modified": false },
  "GenericSeniorityTypeSystemOption": { "text": "$.value" },
  "LegalEntityHierarchyType": {
    "id": "$.nodeId",
    "title": "$.nodeName",
    "fullPath": "$.fullPath",
    "parent": "$.parentNodeId",
    "children": "$.children"
  },
  "StaticDataUnderlyingCCY": { "modified": false },
  "CCYPreciousMetalsNonPMTypeSystemOption": { "text": "$.value" },
  "CCYOnshoreOffshoreTypeSystemOption": { "text": "$.value" },
  "CCYMajorMinorTypeSystemOption": { "text": "$.value" },
  "CCYGroupTypeSystemOption": { "text": "$.value" },
  "CCYFamilyLMTypeSystemOption": { "text": "$.value" },
  "CCYFamilyFXTypeSystemOption": { "text": "$.value" },
  "CCYFamilyFXOTypeSystemOption": { "text": "$.value" },
  "CCYCdsDeliverableTypeSystemOption": { "text": "$.value" },
  "CurveOption": { "text": "$.value" },
  "StaticDataIssuerType": { "modified": false },
  "StaticDataIssuerGuaranteed": { "modified": false },
  "StaticDataCCYPairOnOffShore": { "modified": false },
  "StaticDataInternalCounterParty": { "modified": false },
  "RiskHierarchyOption": {
    "id": "$.nodeId",
    "title": "$.nodeName",
    "fullPath": "$.fullPath",
    "parent": "$.parentNodeId",
    "children": "$.children"
  },
  "GeographyHierarchyOption": {
    "id": "$.nodeId",
    "title": "$.nodeName",
    "fullPath": "$.fullPath",
    "parent": "$.parentNodeId",
    "children": "$.children"
  },
  "FinanceHierarchyOption": {
    "id": "$.nodeId",
    "title": "$.nodeName",
    "fullPath": "$.fullPath",
    "parent": "$.parentNodeId",
    "children": "$.children"
  },
  "RevenueCodeHierarchyOption": {
    "id": "$.nodeId",
    "title": "$.nodeName",
    "fullPath": "$.fullPath",
    "parent": "$.parentNodeId",
    "children": "$.children"
  },
  "AccountingTypeSystemOption": { "id": "$.id", "text": "$.value" },
  "AssetTypeSystemOption": { "id": "$.id", "text": "$.value" },
  "CapitalHierarchyOption": { "id": "$.id", "text": "$.value" },
  "CapitalMultiplierOption": { "id": "$.id", "text": "$.name" },
  "BookTypeSystemOption": { "id": "$.id", "text": "$.value" },
  "CreditBookTypeSystemOption": { "id": "$.id", "text": "$.value" },
  "FinanceHierarchy": { "value": "$.value" },
  "GeographyHierarchy": { "value": "$.value" },
  "HyperionUnitOption": { "id": "$.id", "text": "$.value" },
  "SyntheticPortfolio": { "id": "$.id", "text": "$.value" },
  "SyntheticPortfolioOption": { "id": "$.id", "text": "$.name" },
  "SourceOption": { "id": "$.id", "text": "$.value" },
  "Added": { "by": "$.by", "time": "$.time" },
  "Exclusion": { "by": "$.by", "reason": "$.reason" },
  "StaticDataCurrencyPairStealthType": { "modified": false },
  "StaticDataCOMIndexName": { "modified": false },
  "StaticDataEQSpecificRiskWeight": { "modified": false, "text": "$.value" },
  "StaticDataUnderlyingIRCurve": {
    "modified": false,
    "id": "$.Curve.id",
    "curve": "$.Curve.value"
  },
  "SCCYTypeTypeSystemOption": { "text": "$.value" },
  "CurveTypeSystemOption": { "text": "$.value" },
  "StaticDataCOMPriceQuotation": { "modified": false },
  "StaticDataCOMDeltaGammaLotConversionFactor": { "modified": false },
  "StaticDataCOMAPRAStressLabel": { "modified": false },
  "StaticDataUnderlyingCCYPair": { "modified": false },
  "StealthTypeTypeSystemOption": { "text": "$.value" },
  "CCYPairGroupTypeSystemOption": { "text": "$.value" },
  "CCYPairFamilyTypeSystemOption": { "text": "$.value" },
  "StaticDataUnderlyingCOM": {
    "modified": false,
    "agriculturalExpiryMonths": "$.agriculturalExpiryMonths"
  },
  "PriceQuotationTypeSystemOption": { "text": "$.value" },
  "ProductSubGroupTypeSystemOption": { "text": "$.value" },
  "UnitTypeSystemOption": { "text": "$.value" },
  "ANZStressLabelTypeSystemOption": { "text": "$.value" },
  "APRAStressLabelTypeSystemOption": { "text": "$.value" },
  "IndexNameTypeSystemOption": { "text": "$.value" },
  "ProductGroupTypeSystemOption": { "text": "$.value" },
  "DeltaGammaLotConversionTypeSystemOption": { "text": "$.value" },
  "StaticDataCOMType": { "modified": false },
  "StaticDataCOMSubType": { "modified": false },
  "StaticDataSingleCurveTypeCurve": { "modified": false },
  "StaticDataCOMUnit": { "modified": false },
  "StaticDataCurveTypeCurve": { "modified": false },
  "StaticDataGeography": { "modified": false },
  "StaticDataGrpNationalMarket": { "modified": false },
  "StaticDataStealthHealthRangeType": { "modified": false },
  "StaticDataCOMANZStressGroup": { "modified": false },
  "StaticDataUnderlyingEQType": { "modified": false },
  "SecurityMarketOption": { "text": "$.value" },
  "EQTypeTypeSystemOption": { "text": "$.value" },
  "EQRegionTypeSystemOption": { "text": "$.value" },
  "EQTierTypeSystemOption": { "text": "$.value" },
  "EQSpecificRiskWeightTypeSystemOption": { "text": "$.value" },
  "StaticDataStealthMaturityRangeType": { "modified": false },
  "StaticDataGenericTermPillarsBaseMetalsDeltaVega": {
    "modified": false,
    "termUnit": { "dataPath": "$.term", "decorators": [{ "name": "genericTermPillarsTermUnit" }] },
    "net1y3mPlus": {
      "dataPath": "$.net1y3mPlus",
      "decorators": [
        { "name": "roundNumber", "params": { "decimalPlaces": 1, "applyToDecimalsOnly": true } }
      ]
    },
    "net2y3mPlus": {
      "dataPath": "$.net2y3mPlus",
      "decorators": [
        { "name": "roundNumber", "params": { "decimalPlaces": 1, "applyToDecimalsOnly": true } }
      ]
    },
    "net1m": {
      "dataPath": "$.net1m",
      "decorators": [
        { "name": "roundNumber", "params": { "decimalPlaces": 1, "applyToDecimalsOnly": true } }
      ]
    },
    "net10y3m": {
      "dataPath": "$.net10y3m",
      "decorators": [
        { "name": "roundNumber", "params": { "decimalPlaces": 1, "applyToDecimalsOnly": true } }
      ]
    },
    "net5m": {
      "dataPath": "$.net5m",
      "decorators": [
        { "name": "roundNumber", "params": { "decimalPlaces": 1, "applyToDecimalsOnly": true } }
      ]
    },
    "net3m": {
      "dataPath": "$.net3m",
      "decorators": [
        { "name": "roundNumber", "params": { "decimalPlaces": 1, "applyToDecimalsOnly": true } }
      ]
    },
    "net9m": {
      "dataPath": "$.net9m",
      "decorators": [
        { "name": "roundNumber", "params": { "decimalPlaces": 1, "applyToDecimalsOnly": true } }
      ]
    },
    "net9y3m": {
      "dataPath": "$.net9y3m",
      "decorators": [
        { "name": "roundNumber", "params": { "decimalPlaces": 1, "applyToDecimalsOnly": true } }
      ]
    },
    "net1y9m": {
      "dataPath": "$.net1y9m",
      "decorators": [
        { "name": "roundNumber", "params": { "decimalPlaces": 1, "applyToDecimalsOnly": true } }
      ]
    },
    "net5y3m": {
      "dataPath": "$.net5y3m",
      "decorators": [
        { "name": "roundNumber", "params": { "decimalPlaces": 1, "applyToDecimalsOnly": true } }
      ]
    },
    "net2y": {
      "dataPath": "$.net2y",
      "decorators": [
        { "name": "roundNumber", "params": { "decimalPlaces": 1, "applyToDecimalsOnly": true } }
      ]
    },
    "net7y3m": {
      "dataPath": "$.net7y3m",
      "decorators": [
        { "name": "roundNumber", "params": { "decimalPlaces": 1, "applyToDecimalsOnly": true } }
      ]
    },
    "net1y3m": {
      "dataPath": "$.net1y3m",
      "decorators": [
        { "name": "roundNumber", "params": { "decimalPlaces": 1, "applyToDecimalsOnly": true } }
      ]
    },
    "net3y3m": {
      "dataPath": "$.net3y3m",
      "decorators": [
        { "name": "roundNumber", "params": { "decimalPlaces": 1, "applyToDecimalsOnly": true } }
      ]
    },
    "net2m": {
      "dataPath": "$.net2m",
      "decorators": [
        { "name": "roundNumber", "params": { "decimalPlaces": 1, "applyToDecimalsOnly": true } }
      ]
    },
    "net6m": {
      "dataPath": "$.net6m",
      "decorators": [
        { "name": "roundNumber", "params": { "decimalPlaces": 1, "applyToDecimalsOnly": true } }
      ]
    },
    "net4m": {
      "dataPath": "$.net4m",
      "decorators": [
        { "name": "roundNumber", "params": { "decimalPlaces": 1, "applyToDecimalsOnly": true } }
      ]
    },
    "net1m_1y3m": {
      "dataPath": "$.net1m_1y3m",
      "decorators": [
        { "name": "roundNumber", "params": { "decimalPlaces": 1, "applyToDecimalsOnly": true } }
      ]
    },
    "net1y4m_2y3m": {
      "dataPath": "$.net1y4m_2y3m",
      "decorators": [
        { "name": "roundNumber", "params": { "decimalPlaces": 1, "applyToDecimalsOnly": true } }
      ]
    },
    "net1y": {
      "dataPath": "$.net1y",
      "decorators": [
        { "name": "roundNumber", "params": { "decimalPlaces": 1, "applyToDecimalsOnly": true } }
      ]
    },
    "net6y3m": {
      "dataPath": "$.net6y3m",
      "decorators": [
        { "name": "roundNumber", "params": { "decimalPlaces": 1, "applyToDecimalsOnly": true } }
      ]
    },
    "net2y3m": {
      "dataPath": "$.net2y3m",
      "decorators": [
        { "name": "roundNumber", "params": { "decimalPlaces": 1, "applyToDecimalsOnly": true } }
      ]
    },
    "net8y3m": {
      "dataPath": "$.net8y3m",
      "decorators": [
        { "name": "roundNumber", "params": { "decimalPlaces": 1, "applyToDecimalsOnly": true } }
      ]
    },
    "net1y6m": {
      "dataPath": "$.net1y6m",
      "decorators": [
        { "name": "roundNumber", "params": { "decimalPlaces": 1, "applyToDecimalsOnly": true } }
      ]
    },
    "net4y3m": {
      "dataPath": "$.net4y3m",
      "decorators": [
        { "name": "roundNumber", "params": { "decimalPlaces": 1, "applyToDecimalsOnly": true } }
      ]
    }
  },
  "StaticDataEquityVegaNetBucket": {
    "modified": false,
    "id": "$.term",
    "compositeKey": ["term", "sp_id"],
    "termUnit": { "dataPath": "$.term", "decorators": [{ "name": "vegaBuckerTermUnit" }] },
    "net1m": {
      "dataPath": "$.net1m",
      "decorators": [
        { "name": "roundNumber", "params": { "decimalPlaces": 1, "applyToDecimalsOnly": true } }
      ]
    },
    "net2m": {
      "dataPath": "$.net2m",
      "decorators": [
        { "name": "roundNumber", "params": { "decimalPlaces": 1, "applyToDecimalsOnly": true } }
      ]
    },
    "net3m": {
      "dataPath": "$.net3m",
      "decorators": [
        { "name": "roundNumber", "params": { "decimalPlaces": 1, "applyToDecimalsOnly": true } }
      ]
    },
    "net6m": {
      "dataPath": "$.net6m",
      "decorators": [
        { "name": "roundNumber", "params": { "decimalPlaces": 1, "applyToDecimalsOnly": true } }
      ]
    },
    "net1y": {
      "dataPath": "$.net1y",
      "decorators": [
        { "name": "roundNumber", "params": { "decimalPlaces": 1, "applyToDecimalsOnly": true } }
      ]
    },
    "net2y": {
      "dataPath": "$.net2y",
      "decorators": [
        { "name": "roundNumber", "params": { "decimalPlaces": 1, "applyToDecimalsOnly": true } }
      ]
    },
    "net3y": {
      "dataPath": "$.net3y",
      "decorators": [
        { "name": "roundNumber", "params": { "decimalPlaces": 1, "applyToDecimalsOnly": true } }
      ]
    },
    "net4y": {
      "dataPath": "$.net4y",
      "decorators": [
        { "name": "roundNumber", "params": { "decimalPlaces": 1, "applyToDecimalsOnly": true } }
      ]
    }
  },
  "StaticDataFXOVegaNetBucket": {
    "modified": false,
    "id": "$.term",
    "compositeKey": ["term", "sp_id"],
    "termUnit": { "dataPath": "$.term", "decorators": [{ "name": "vegaBuckerTermUnit" }] },
    "net1m": {
      "dataPath": "$.net1m",
      "decorators": [
        { "name": "roundNumber", "params": { "decimalPlaces": 1, "applyToDecimalsOnly": true } }
      ]
    },
    "net3m": {
      "dataPath": "$.net3m",
      "decorators": [
        { "name": "roundNumber", "params": { "decimalPlaces": 1, "applyToDecimalsOnly": true } }
      ]
    },
    "net1y": {
      "dataPath": "$.net1y",
      "decorators": [
        { "name": "roundNumber", "params": { "decimalPlaces": 1, "applyToDecimalsOnly": true } }
      ]
    },
    "net3y": {
      "dataPath": "$.net3y",
      "decorators": [
        { "name": "roundNumber", "params": { "decimalPlaces": 1, "applyToDecimalsOnly": true } }
      ]
    },
    "net10y": {
      "dataPath": "$.net10y",
      "decorators": [
        { "name": "roundNumber", "params": { "decimalPlaces": 1, "applyToDecimalsOnly": true } }
      ]
    },
    "net15y": {
      "dataPath": "$.net15y",
      "decorators": [
        { "name": "roundNumber", "params": { "decimalPlaces": 1, "applyToDecimalsOnly": true } }
      ]
    },
    "net1m_1y": {
      "dataPath": "$.net1m_1y",
      "decorators": [
        { "name": "roundNumber", "params": { "decimalPlaces": 1, "applyToDecimalsOnly": true } }
      ]
    },
    "net1yPlus": {
      "dataPath": "$.net1yPlus",
      "decorators": [
        { "name": "roundNumber", "params": { "decimalPlaces": 1, "applyToDecimalsOnly": true } }
      ]
    },
    "net6mPlus": {
      "dataPath": "$.net6mPlus",
      "decorators": [
        { "name": "roundNumber", "params": { "decimalPlaces": 1, "applyToDecimalsOnly": true } }
      ]
    }
  },
  "StaticDataNationalMarket": { "modified": false },
  "NationalMarketTypeSystemOption": { "text": "$.value" },
  "StaticDataCreditStressBondRating": {
    "id": "{$.anzRatingTypeSystem.id}-{$.daysToMaturity}-{$.Currency.id}",
    "auditId": "{$.anzRatingTypeSystem.id}",
    "additionalParamsForAuditHistory": "$",
    "modified": false,
    "compositeKey": ["anzRatingTypeSystem.id", "daysToMaturity", "Currency.id"]
  },
  "CreditStressBondRatingAuditHistoryAdditionalParam": {
    "ccyID": "$.Currency.id",
    "daysToMaturity": "$.daysToMaturity"
  },
  "SecurityMarketOptionType": { "text": "$.securityMarket" },
  "AnzRatingTypeSystemOption": { "text": "$.value" },
  "CurrencyOption": { "text": "$.value" },
  "CCYOption": { "text": "$.name" },
  "StaticDataCreditStressCDSRating": { "id": "$.anzRatingTypeSystem.id", "modified": false },
  "StaticDataCreditStressTopCDSIssuer": { "id": "$.Issuer.id", "modified": false },
  "IssuerOption": { "text": "$.value" },
  "StaticDataHaircutReference": { "modified": false },
  "StaticDataBespokeHaircut": { "modified": false },
  "StaticDataD2ADefaultNamespace": { "modified": false },
  "StaticDataGrpEQType": { "modified": false },
  "StaticDataGrpEQRegion": { "modified": false },
  "StaticDataGrpEQTier": { "modified": false },
  "StaticDataCreditStressCreditIndice": { "id": "$.CRIndexType.id", "modified": false },
  "CRIndexTypeOption": { "text": "$.value" },
  "StaticDataCreditStressSpreadTenBondDefaultStress": {
    "id": "$.anzRatingTypeSystem.id",
    "modified": false
  },
  "StaticDataCreditStressBondIssuer": {
    "modified": false,
    "id": "{$.Issuer.id}-{$.Currency.id}-{$.daysToMaturity}",
    "auditId": "{$.Issuer.id}",
    "additionalParamsForAuditHistory": "$"
  },
  "CreditStressBondIssuerAuditHistoryAdditionalParam": {
    "ccyID": "$.Currency.id",
    "daysToMaturity": "$.daysToMaturity"
  },
  "StaticDataCICSIssuerCodeMappingType": { "modified": false, "id": "$.IssuerCICSCode" },
  "StaticDataEquityVegaUnderlyingBondETOTenor": {
    "modified": false,
    "net2y": {
      "dataPath": "$.net2y",
      "decorators": [{ "name": "roundNumber", "params": { "decimalPlaces": 0 } }]
    },
    "net3y": {
      "dataPath": "$.net3y",
      "decorators": [{ "name": "roundNumber", "params": { "decimalPlaces": 0 } }]
    },
    "net5y": {
      "dataPath": "$.net5y",
      "decorators": [{ "name": "roundNumber", "params": { "decimalPlaces": 0 } }]
    },
    "net10y": {
      "dataPath": "$.net10y",
      "decorators": [{ "name": "roundNumber", "params": { "decimalPlaces": 0 } }]
    },
    "net30y": {
      "dataPath": "$.net30y",
      "decorators": [{ "name": "roundNumber", "params": { "decimalPlaces": 0 } }]
    }
  },
  "StaticDataVegaOptionExpiryNetBucketsCapFloor": {
    "modified": false,
    "id": "$.term",
    "compositeKey": ["term", "sp_id"],
    "termUnit": { "dataPath": "$.term", "decorators": [{ "name": "vegaBuckerTermUnit" }] },
    "net3m": {
      "dataPath": "$.net3m",
      "decorators": [
        { "name": "roundNumber", "params": { "decimalPlaces": 1, "applyToDecimalsOnly": true } }
      ]
    },
    "net1y": {
      "dataPath": "$.net1y",
      "decorators": [
        { "name": "roundNumber", "params": { "decimalPlaces": 1, "applyToDecimalsOnly": true } }
      ]
    },
    "net3y": {
      "dataPath": "$.net3y",
      "decorators": [
        { "name": "roundNumber", "params": { "decimalPlaces": 1, "applyToDecimalsOnly": true } }
      ]
    },
    "net10y": {
      "dataPath": "$.net10y",
      "decorators": [
        { "name": "roundNumber", "params": { "decimalPlaces": 1, "applyToDecimalsOnly": true } }
      ]
    },
    "net20y": {
      "dataPath": "$.net20y",
      "decorators": [
        { "name": "roundNumber", "params": { "decimalPlaces": 1, "applyToDecimalsOnly": true } }
      ]
    }
  },
  "StaticDataGrpSTFGeography": { "modified": false },
  "StaticDataGenericTermPilarsPetroleumVega": {
    "modified": false,
    "termUnit": { "dataPath": "$.term", "decorators": [{ "name": "genericTermPillarsTermUnit" }] },
    "net1m_2m": {
      "dataPath": "$.net1m_2m",
      "decorators": [{ "name": "roundNumber", "params": { "decimalPlaces": 0 } }]
    },
    "net3m_5m": {
      "dataPath": "$.net3m_5m",
      "decorators": [{ "name": "roundNumber", "params": { "decimalPlaces": 0 } }]
    },
    "net6m_11m": {
      "dataPath": "$.net6m_11m",
      "decorators": [{ "name": "roundNumber", "params": { "decimalPlaces": 0 } }]
    },
    "net1y_2y": {
      "dataPath": "$.net1y_2y",
      "decorators": [{ "name": "roundNumber", "params": { "decimalPlaces": 0 } }]
    },
    "net2yPlus": {
      "dataPath": "$.net2yPlus",
      "decorators": [{ "name": "roundNumber", "params": { "decimalPlaces": 0 } }]
    }
  },
  "StaticDataApportionmentExclusion": { "id": "$.apportionmentExclusion", "modified": false },
  "StaticDataCRDIComposition": { "modified": false },
  "StaticDataVegaOptionExpiryNetBucktsSwaptionEtoType": {
    "id": "$.term",
    "modified": false,
    "compositeKey": ["term", "sp_id"],
    "termUnit": { "dataPath": "$.term", "decorators": [{ "name": "vegaBuckerTermUnit" }] },
    "net3m": {
      "dataPath": "$.net3m",
      "decorators": [
        { "name": "roundNumber", "params": { "decimalPlaces": 0, "applyToDecimalsOnly": true } }
      ]
    },
    "net1y": {
      "dataPath": "$.net1y",
      "decorators": [
        { "name": "roundNumber", "params": { "decimalPlaces": 0, "applyToDecimalsOnly": true } }
      ]
    },
    "net3y": {
      "dataPath": "$.net3y",
      "decorators": [
        { "name": "roundNumber", "params": { "decimalPlaces": 0, "applyToDecimalsOnly": true } }
      ]
    },
    "net10y": {
      "dataPath": "$.net10y",
      "decorators": [
        { "name": "roundNumber", "params": { "decimalPlaces": 0, "applyToDecimalsOnly": true } }
      ]
    },
    "net20y": {
      "dataPath": "$.net20y",
      "decorators": [
        { "name": "roundNumber", "params": { "decimalPlaces": 0, "applyToDecimalsOnly": true } }
      ]
    },
    "net20yPlus": {
      "dataPath": "$.net20yPlus",
      "decorators": [
        { "name": "roundNumber", "params": { "decimalPlaces": 0, "applyToDecimalsOnly": true } }
      ]
    },
    "net30yPlus": {
      "dataPath": "$.net30yPlus",
      "decorators": [
        { "name": "roundNumber", "params": { "decimalPlaces": 0, "applyToDecimalsOnly": true } }
      ]
    }
  },
  "StaticDataDTwoAForm": { "modified": false },
  "ReturnIdentifierOption": { "text": "$.value" },
  "StaticDataEquityUnderlyingSpecificRiskMap": { "modified": false },
  "MappedTickerOption": { "text": "$.value" },
  "TickerOption": { "text": "$.value" },
  "StaticDataCommodityTypeMapping": { "modified": false, "commodity": "$.Commodity" },
  "CommodityOption": { "text": "$.value" },
  "StaticDataLMENonDeliveryDay": { "modified": false, "compositeKey": ["date"] },
  "StaticDataRatingOverride": {
    "modified": false,
    "issuer": "$.Issuer",
    "creditRating": "$.CreditRating"
  },
  "AgencyOption": { "id": "$", "text": "$" },
  "CreditRatingOption": { "text": "$.value" },
  "StaticDataRepoTypologyMap": {
    "id": "$.typology",
    "modified": false,
    "additionalParamsForAuditHistory": "$"
  },
  "RepoTypologyMapAuditHistoryAdditionalParam": { "typology": "$.typology" },
  "StaticDataRiskThresholdCatchAll": { "modified": false },
  "StaticDataShortTermCreditRating": { "modified": false },
  "RatingBandTypeSystemOption": { "text": "$.value" },
  "StaticDataSpecRiskTradeExclusion": { "modified": false, "reportName": "$" },
  "ReportNameOption": { "id": "$.reportName", "text": "$.reportName" },
  "StaticDataSpecificRiskCapitalCharge": {
    "modified": false,
    "sRCapitalCharge": "$.SRCapitalCharge",
    "sRCategory": "$.SRCategory"
  },
  "TenorOption": { "text": "$.value" },
  "SRCategoryOption": { "text": "$.value" },
  "StaticDataGenericTermPillarsCoalIronOreDeltaType": {
    "modified": false,
    "termUnit": { "dataPath": "$.term", "decorators": [{ "name": "genericTermPillarsTermUnit" }] },
    "net7m_12m": {
      "dataPath": "$.net7m_12m",
      "decorators": [
        { "name": "roundNumber", "params": { "decimalPlaces": 0, "applyToDecimalsOnly": true } }
      ]
    },
    "net4m_6m": {
      "dataPath": "$.net4m_6m",
      "decorators": [
        { "name": "roundNumber", "params": { "decimalPlaces": 0, "applyToDecimalsOnly": true } }
      ]
    },
    "net2y": {
      "dataPath": "$.net2y",
      "decorators": [
        { "name": "roundNumber", "params": { "decimalPlaces": 0, "applyToDecimalsOnly": true } }
      ]
    },
    "net0m_3m": {
      "dataPath": "$.net0m_3m",
      "decorators": [
        { "name": "roundNumber", "params": { "decimalPlaces": 0, "applyToDecimalsOnly": true } }
      ]
    },
    "net3y_5y": {
      "dataPath": "$.net3y_5y",
      "decorators": [
        { "name": "roundNumber", "params": { "decimalPlaces": 0, "applyToDecimalsOnly": true } }
      ]
    }
  },
  "StaticDataGenericTermPillarsPetroleumDeltaType": {
    "modified": false,
    "termUnit": { "dataPath": "$.term", "decorators": [{ "name": "genericTermPillarsTermUnit" }] },
    "net0y_5y": {
      "dataPath": "$.net0y_5y",
      "decorators": [
        { "name": "roundNumber", "params": { "decimalPlaces": 0, "applyToDecimalsOnly": true } }
      ]
    },
    "net5y_8y": {
      "dataPath": "$.net5y_8y",
      "decorators": [
        { "name": "roundNumber", "params": { "decimalPlaces": 0, "applyToDecimalsOnly": true } }
      ]
    }
  },
  "StaticDataGenericTermPillarsEmissionType": {
    "modified": false,
    "termUnit": { "dataPath": "$.term", "decorators": [{ "name": "genericTermPillarsTermUnit" }] },
    "net13m_24m": {
      "dataPath": "$.net13m_24m",
      "decorators": [
        { "name": "roundNumber", "params": { "decimalPlaces": 0, "applyToDecimalsOnly": true } }
      ]
    },
    "net19m_30m": {
      "dataPath": "$.net19m_30m",
      "decorators": [
        { "name": "roundNumber", "params": { "decimalPlaces": 0, "applyToDecimalsOnly": true } }
      ]
    },
    "net25m_36m": {
      "dataPath": "$.net25m_36m",
      "decorators": [
        { "name": "roundNumber", "params": { "decimalPlaces": 0, "applyToDecimalsOnly": true } }
      ]
    },
    "net4m_18m": {
      "dataPath": "$.net4m_18m",
      "decorators": [
        { "name": "roundNumber", "params": { "decimalPlaces": 0, "applyToDecimalsOnly": true } }
      ]
    },
    "net4m_12m": {
      "dataPath": "$.net4m_12m",
      "decorators": [
        { "name": "roundNumber", "params": { "decimalPlaces": 0, "applyToDecimalsOnly": true } }
      ]
    },
    "net0m_3m": {
      "dataPath": "$.net0m_3m",
      "decorators": [
        { "name": "roundNumber", "params": { "decimalPlaces": 0, "applyToDecimalsOnly": true } }
      ]
    },
    "net31m_42m": {
      "dataPath": "$.net31m_42m",
      "decorators": [
        { "name": "roundNumber", "params": { "decimalPlaces": 0, "applyToDecimalsOnly": true } }
      ]
    }
  },
  "StaticDataSpecificRiskLongTermIssue": { "modified": false },
  "RatingBandSecTypeSystemOption": { "text": "$.value" },
  "StaticDataVegaUnderlyingSwapBondMaturityNetBucket": {
    "id": "$.term",
    "modified": false,
    "compositeKey": ["term", "sp_id"],
    "termUnit": { "dataPath": "$.term", "decorators": [{ "name": "vegaBuckerTermUnit" }] },
    "net3m": {
      "dataPath": "$.net3m",
      "decorators": [
        { "name": "roundNumber", "params": { "decimalPlaces": 1, "applyToDecimalsOnly": true } }
      ]
    },
    "net2y": {
      "dataPath": "$.net2y",
      "decorators": [
        { "name": "roundNumber", "params": { "decimalPlaces": 1, "applyToDecimalsOnly": true } }
      ]
    },
    "net5y": {
      "dataPath": "$.net5y",
      "decorators": [
        { "name": "roundNumber", "params": { "decimalPlaces": 1, "applyToDecimalsOnly": true } }
      ]
    },
    "net10y": {
      "dataPath": "$.net10y",
      "decorators": [
        { "name": "roundNumber", "params": { "decimalPlaces": 1, "applyToDecimalsOnly": true } }
      ]
    },
    "net20y": {
      "dataPath": "$.net20y",
      "decorators": [
        { "name": "roundNumber", "params": { "decimalPlaces": 1, "applyToDecimalsOnly": true } }
      ]
    }
  },
  "StaticDataCustomMember": { "modified": false },
  "UnderlyingTypeCMOption": { "text": "$.value" },
  "OperationOption": { "text": "$.value" },
  "NameOfUnderlyingOption": { "text": "$.name" },
  "StaticDataHoldingPeriodExcludedIssuerCcyType": {
    "modified": false,
    "id": { "dataPath": "$", "decorators": [{ "name": "createIDFromCompositeKey" }] },
    "auditId": "{$.issuer.id}",
    "additionalParamsForAuditHistory": "$"
  },
  "HoldingPeriodExcludedIssuerCcyAdditionalParam": { "ccyID": "$.ccy.id" },
  "StaticDataLiquidityGeoMapping": { "modified": false, "id": "$.country" },
  "CMRCPeriod": { "modified": false },
  "GeographyMappingOption": { "text": "$.value" },
  "GeographyHierarchyMappingOption": { "value": "$.shortValue", "fullPath": "$.value" },
  "StaticDataSpecificRiskShortTermIssue": {
    "modified": false,
    "sTRatingBandTypeSystem": "$.STRatingBandTypeSystem"
  },
  "STRatingBandTypeSystemOption": { "text": "$.value" },
  "StaticDataVegaNetBucketingAll": { "modified": false },
  "StaticDataHoldingPeriodTradeType": {
    "modified": false,
    "auditId": "$.nb",
    "additionalParamsForAuditHistory": "$"
  },
  "HoldingPeriodTradeAuditHistoryAdditionalParam": { "cobDate": "{$.cob}" },
  "StaticDataPillarXCCYBasisBasisGamma": { "modified": false },
  "StaticDataTenorAndDaystoMaturity": {
    "modified": false,
    "tenor": "$.Tenor",
    "sEFName": "$.SEFName",
    "tRNGRP": "$.TRNGRP"
  },
  "StaticDataPillarsSingleCCYBasis": { "modified": false },
  "StaticDataNetBucketingCR01": {
    "id": "$.term",
    "modified": false,
    "compositeKey": ["term", "sp_id"],
    "termUnit": { "dataPath": "$.term", "decorators": [{ "name": "vegaBuckerTermUnit" }] }
  },
  "StaticDataNetBucketingDV01": {
    "id": "$.term",
    "modified": false,
    "compositeKey": ["term", "sp_id"],
    "termUnit": { "dataPath": "$.term", "decorators": [{ "name": "vegaBuckerTermUnit" }] }
  },
  "StaticDataPillarsDV01": { "modified": false },
  "StaticDataPillarsVegaETOBond": { "modified": false },
  "StaticDataNetBucketXccyBasisGammaType": {
    "id": "$.term",
    "modified": false,
    "compositeKey": ["term", "sp_id"],
    "termUnit": { "dataPath": "$.term", "decorators": [{ "name": "vegaBuckerTermUnit" }] }
  },
  "StaticDataNetBucketSingleCcyBasisType": {
    "id": "$.term",
    "modified": false,
    "compositeKey": ["term", "sp_id"],
    "termUnit": { "dataPath": "$.term", "decorators": [{ "name": "vegaBuckerTermUnit" }] }
  },
  "StaticDataPillarsCr01Type": {
    "modified": false,
    "termUnit": { "dataPath": "$.term", "decorators": [{ "name": "pillarsTermUnit" }] }
  },
  "StaticDataProductHierarchy": { "modified": false },
  "StaticDataRepoStfSensitivityType": {
    "modified": false,
    "termUnit": { "dataPath": "$.term", "decorators": [{ "name": "pillarsTermUnit" }] }
  },
  "STFSectorTypeSystemOption": { "text": "$.value" },
  "CommodityUnderlyingCodeOption": { "text": "$.underlyingCode" },
  "StaticDataVolckerDeskType": { "modified": false },
  "GlobalBusinessUnitOption": { "text": "$.value" },
  "ReportingCategoryOption": { "text": "$.value" },
  "SRCategoryInputOption": { "text": "$.name" },
  "TenorInputOption": { "text": "$.description" },
  "SrRatingBandTypeSystemOption": { "text": "$.value", "typeSystemId": "$.system.id" },
  "CurveListOption": { "id": "$.dimCurveID", "text": "$.curve" },
  "GenericSeniorityInputOption": { "text": "$.value" },
  "BaseCurrencyInputOption": { "text": "$.name" },
  "GeographyInputOption": { "text": "$.name" },
  "IssuerInputOption": { "text": "$.issuerCode" },
  "IssuerTypeInputOption": { "text": "$.value" },
  "RatingBandOverrideTypeSystemInputOption": { "text": "$.value", "displayName": "$.system" },
  "IssuerFamilyTypeInputOption": { "text": "$.value" },
  "IssuerGuaranteedTypeSystemInputOption": { "text": "$.value" },
  "SnpIssueRatingTypeSystemInputOption": { "text": "$.rating" },
  "MOIssueRatingTypeSystemInputOption": { "text": "$.rating" },
  "FitchIssueRatingTypeSystemInputOption": { "text": "$.rating" },
  "StfSectorTypeSystemInputOption": { "text": "$.value" },
  "GlobalBusinessUnitType": { "id": "$.dimGlobalBusinessUnitID", "text": "$.name" },
  "ReportingCategoryType": { "text": "$.name" },
  "UnderlyingEQListOption": { "text": "$.ticker" },
  "NetBucketCR01Option": { "id": "$.term", "text": "$.term" },
  "CountryInputOption": { "text": "$.name" },
  "InternalCounterpartyInputOption": { "text": "$.value" },
  "STFSectorInputOption": { "text": "$.value" },
  "ANZRatingBandOption": { "text": "$.value" },
  "OperationTypeOption": { "text": "$.name" },
  "UnderlyingTypeOption": { "text": "$.displayName" },
  "UnderlyingNameListOption": { "text": "$.value" },
  "TenorListInputOption": { "id": "$.pillar", "text": "$.pillar" },
  "StaticDataPortfolioConfig": {
    "modified": false,
    "officialSource": {
      "dataPath": "$.officialSource",
      "decorators": [{ "name": "nullEmptyString" }]
    },
    "sources": {
      "dataPath": "$.source",
      "decorators": [
        { "name": "nullEmptyString" },
        { "name": "split", "params": { "separator": "," } }
      ]
    }
  },
  "PortfolioOption": { "id": "$.id", "text": "$.value" },
  "RiskContainerOption": { "id": "$.id", "text": "$.value" },
  "SourceSystemOption": { "id": "$", "text": "$" },
  "PortfolioInputOption": { "text": "$.name" },
  "StaticDataDynamicLimitThreshold": { "modified": false },
  "StaticDataExcessReason": { "modified": false },
  "MarketRiskBusinessGroupEmailMapping": { "modified": false },
  "StaticDataMarketRiskBusinessGroup": { "modified": false, "value": "$.name" },
  "StaticDataLimitClassification": { "modified": false },
  "MarketRiskBusinessMapping": { "modified": false },
  "MarketRiskBusinessGroup": { "id": "$.id", "text": "$.value" },
  "StaticDataPurposeForChange": { "modified": false },
  "StaticDataGlobalProductLine": { "modified": false },
  "MarketRiskBusinessGroupingInputOption": {
    "text": "$.name"
  },
  "TradeBookingSystemInputOption": {
    "text": "$.value"
  },
  "ProductSubCategoryMapping": { "modified": false },
  "GlobalProductLine": { "text": "$.value" },
  "MarketRiskBusinessAssignmentMapping": {
    "id": "{$.marketRiskBusiness.id}-{$.userId}",
    "compositeKey": ["marketRiskBusiness.id", "user.id"],
    "modified": false,
    "user": "$.userId",
    "additionalParamsForAuditHistory": "$"
  },
  "MRBAssignmentAuditHistoryAdditionalParam": {
    "marketRiskBusinessId": "$.marketRiskBusiness.id",
    "userId": "$.userId"
  },
  "SystemUser": { "id": "$", "text": "$" },
  "MarketRiskBusiness": { "text": "$.value" },
  "ScheduleMapping": { "modified": false, "lastIssuedBy": "$.lastIssuedBy" },
  "Basel3DesignationOverrideSystemTypeOption": { "text": "$.value" },
  "DerivedRatingTypeOption": { "text": "$.rating" },
  "EquityMarketCapTypeSystemTypeOption": { "text": "$.value" },
  "APRARankTypeSystemTypeOption": { "text": "$.value" },
  "APRAStressSecuritisationTypeOption": { "text": "$.value" },
  "HoldingPeriodStatusTypeOption": { "text": "$.value" },
  "MarketRiskBusinessOption": { "text": "$.code" },
  "GlobalProductLineInputOption": { "text": "$.description" },
  "SnapShotOption": { "id": "$.snapshot_id", "text": "$.name" },
  "KeepwellAgreementOption": { "id": "$.issuerEquityTicker", "text": "$.issuerEquityTicker" },
  "StaticDataCreditExtraOrdinaryStress": { "modified": false }
}
