{
  "$schema": "http://json-schema.org/draft-07/schema#",
  "definitions": {
    "fieldInfo": {
      "$id": "#dataInfoFields",
      "type": "object",
      "properties": {
        "url": { "type": "string" },
        "dataPath": { "type": "string" },
        "decorator": { "type": "string" },
        "additionalData": { "type": "object" }
      },
      "additionalProperties": false,
      "required": ["dataPath"]
    },
    "gqlTypes": {
      "$id": "#gqlTypes",
      "type": "object",
      "patternProperties": {
        "^[A-Za-z_][A-Za-z0-9_]*$": {
          "type": ["string", "object"],
          "if": { "type": "object" },
          "then": {
            "$ref": "#dataInfoFields"
          }
        }
      },
      "additionalProperties": true
    }
  },
  "type": "object",
  "properties": {},
  "additionalProperties": { "$ref": "#gqlTypes" }
}
