{
  "$schema": "http://json-schema.org/draft-07/schema#",
  "definitions": {
    "model": {
      "type": "object",
      "properties": {
        "$value": { "type": "string" },
        "$type": { "type": "string" }
      },
      "if": {
        "required": ["$type"]
      },
      "then": {
        "required": ["$value"]
      }
    },
    "value": {
      "type": ["object"],
      "patternProperties": {
        "^[A-Za-z_][A-Za-z0-9_]*$": {
          "type": ["string", "object", "array"],
          "if": { "type": "object" },
          "then": {
            "$ref": "#/definitions/model"
          }
        }
      }
    },
    "valueItems": {
      "type": "array",
      "items": {
        "$ref": "#/definitions/value"
      },
      "minItems": 1
    },
    "body": {
      "type": ["object", "array"],
      "properties": {
        "value": {
          "if": {
            "type": "object"
          },
          "then": { "$ref": "#/definitions/value" },
          "else": {
            "$ref": "#/definitions/valueItems"
          }
        }
      },
      "additionalProperties": true
    },
    "actionMap": {
      "type": "object",
      "properties": {
        "ignore": { "type": "boolean" },
        "transactionalScope": { "type": "string" },
        "method": { "type": "string" },
        "uri": { "type": "string" },
        "body": { "$ref": "#/definitions/body" },
        "staticFields": { "type": ["object"] },
        "headers": { "type": ["object"] }
      },
      "additionalProperties": false,
      "if": {
        "required": ["ignore"],
        "properties": {
          "ignore": {
            "const": true
          }
        }
      },
      "then": {
        "required": []
      },
      "else": {
        "required": ["method", "uri", "body"]
      }
    }
  },
  "type": "object",
  "properties": {},
  "additionalProperties": { "$ref": "#/definitions/actionMap" }
}
