{
  "$schema": "http://json-schema.org/draft-07/schema#",
  "definitions": {
    "decorators": {
      "$id": "#decorators",
      "type": "object",
      "properties": {
        "name": {
          "type": "string"
        },
        "params": {
          "type": "object"
        }
      },
      "additionalProperties": false,
      "required": [
        "name"
      ]
    },
    "fieldInfo": {
      "$id": "#dataInfoFields",
      "type": "object",
      "properties": {
        "url": {
          "type": "string"
        },
        "dataPath": {
          "type": "string"
        },
        "additionalData": {
          "type": "object"
        },
        "decorateIndividualArrayItems": {
          "type": "boolean"
        },
        "decorators": {
          "type": "array",
          "items": {
            "$ref": "#decorators"
          },
          "minItems": 1
        },
        "$extra": {
          "type": "object"
        }
      },
      "additionalProperties": false,
      "required": [
        "dataPath"
      ]
    },
    "gqlTypes": {
      "$id": "#gqlTypes",
      "type": "object",
      "patternProperties": {
        "^[A-Za-z_][A-Za-z0-9_]*$": {
          "type": [
            "string",
            "object",
            "boolean",
            "array"
          ],
          "if": {
            "type": "object"
          },
          "then": {
            "$ref": "#dataInfoFields"
          }
        }
      },
      "additionalProperties": true
    }
  },
  "type": "object",
  "properties": {},
  "additionalProperties": {
    "$ref": "#gqlTypes"
  }
}