{
  "replacePortfolioRunList": {
    "ignore": false,
    "uri": "reference-data/v1/portfolio-runlist",
    "method": "POST",
    "body": [
      {
        "op": "replace",
        "path": "/",
        "value": {
          "id": { "$value": "{args.id}", "$type": "number" },
          "excludedReports": {
            "$value": "{args.excludedReports}",
            "$type": "array",
            "$elementMapping": {
              "id": { "$value": "{args.id}", "$type": "string" }
            }
          },
          "currentReports": {
            "$value": "{args.currentReports}",
            "$type": "array",
            "$elementMapping": {
              "id": { "$value": "{args.id}", "$type": "string" }
            }
          }
        }
      }
    ]
  },

  "replaceVolckerDeskMapping": {
    "ignore": false,
    "uri": "reference-data/v1/volcker-desk-mapping",
    "method": "POST",
    "body": [
      {
        "op": "replace",
        "path": "/",
        "value": {
          "id": { "$value": "{args.id}", "$type": "number" },
          "isForVolcker": { "$value": "{args.isForVolcker}", "$type": "boolean" },
          "volckerDesk": {
            "id": { "$value": "{args.volckerDesk.id}", "$type": "string" }
          }
        }
      }
    ]
  },
  "replaceHoldingPeriodNode": {
    "ignore": false,
    "uri": "reference-data/v1/holding-period-mapping",
    "method": "POST",
    "body": [
      {
        "op": "replace",
        "path": "/",
        "value": {
          "id": { "$value": "{args.id}", "$type": "number" },
          "isForHoldingPeriod": { "$value": "{args.isForHoldingPeriod}", "$type": "boolean" },
          "excludeInternalTrades": { "$value": "{args.excludeInternalTrades}", "$type": "boolean" }
        }
      }
    ]
  },
  "replaceCTDMapping": {
    "ignore": false,
    "uri": "reference-data/v1/ctd-mapping",
    "method": "POST",
    "body": [
      {
        "op": "replace",
        "path": "/",
        "value": {
          "id": { "$value": "{args.id}", "$type": "number" },
          "isCTD": { "$value": "{args.isCTD}", "$type": "boolean" }
        }
      }
    ]
  }
}
