{
  "CsvConfiguration": {
    "ignore": false,
    "uri": "/feed-monitor/v1/csv-job-configurations",
    "method": "patch",
    "body": {
      "op": "{args.op}",
      "path": "/",
      "value": {
        "id": { "$value": "{args.id}", "$type": "number" },
        "name": "{args.name}",
        "isActive": "{args.isActive}",
        "description": "{args.description}",
        "pollIntervalInMinute": "{args.pollIntervalInMinute}",
        "folderPath": "{args.folderPath}",
        "fileNamePattern": "{args.fileNamePattern}",
        "tableName": "{args.tableName}",
        "columnsMapping": "{args.columnsMapping}",
        "preUploadSqlStatement": "{args.preUploadSqlStatement}",
        "postUploadSqlStatement": "{args.postUploadSqlStatement}",
        "etlJobTypeId": "{args.etlJobTypeId}",
        "enableFileWatcher": "{args.enableFileWatcher}",
        "bulkUploadBatchSize": "{args.bulkUploadBatchSize}",
        "bulkUploadTimeOutInSeconds": "{args.bulkUploadTimeOutInSeconds}",
        "startFooterLineText": "{args.startFooterLineText}",
        "skipFooterLineCount": "{args.skipFooterLineCount}",
        "specialQuoteHandler": "{args.specialQuoteHandler}",
        "hasHeader": "{args.hasHeader}",
        "columnDelimiter": "{args.columnDelimiter}",
        "textQualifier": "{args.textQualifier}",
        "escapeCharactor": "{args.escapeCharactor}",
        "sendCompleteEmailToOwner": "{args.sendCompleteEmailToOwner}",
        "sendErrorEmailToOwner": "{args.sendErrorEmailToOwner}",
        "completeEmailToList": "{args.completeEmailToList}",
        "completeEmailCcList": "{args.completeEmailCcList}",
        "errorEmailToList": "{args.errorEmailToList}",
        "errorEmailCcList": "{args.errorEmailCcList}"
      }
    }
  },
  "ReconThresholdSetting": {
    "ignore": false,
    "uri": "/feed-monitor/v1/recon-threshold",
    "method": "patch",
    "body": {
      "op": "{args.op}",
      "path": "/",
      "value": {
        "id": { "$value": "{args.id}", "$type": "number" },
        "statusName": "{args.statusName}",
        "range": "{args.range}",
        "reconType": {
          "id": { "$value": "{args.reconType}", "$type": "number" }
        },
        "isActive": "{args.isActive}"
      }
    }
  },
  "NotificationConfiguration": {
    "ignore": false,
    "uri": "/feed-monitor/v1/notification-jobs",
    "method": "patch",
    "body": {
      "op": "{args.op}",
      "path": "/",
      "value": {
        "id": { "$value": "{args.id}", "$type": "number" },
        "name": "{args.name}",
        "description": "{args.description}",
        "assemblyName": "{args.assemblyName}",
        "typeName": "{args.typeName}",
        "isActive": "{args.isActive}",
        "pollIntervalInMinute": "{args.pollIntervalInMinute}",
        "sqlStatement": "{args.sqlStatement}",
        "isEmailEnabled": "{args.isEmailEnabled}",
        "email": {
          "templateName": "{args.email.templateName}",
          "toList": "{args.email.toList}",
          "ccList": "{args.email.ccList}",
          "subjectText": "{args.email.subjectText}",
          "bodyText": "{args.email.bodyText}"
        },
        "event": {
          "id": "{args.event.id}",
          "logName": "{args.event.logName}",
          "logSource": "{args.event.logSource}",
          "eventText": "{args.event.eventText}"
        },
        "isEventEnabled": "{args.isEventEnabled}",
        "moduleName": "{args.moduleName}",
        "additional": {
          "param1": "{args.additional.param1}",
          "param2": "{args.additional.param2}",
          "param3": "{args.additional.param3}"
        },
        "allowManualTrigger": "{args.allowManualTrigger}",
        "scheduleStart": "{args.scheduleStart}",
        "scheduleEnd": "{args.scheduleEnd}",
        "workingDayOnly": "{args.workingDayOnly}"
      }
    }
  },
  "sendNotificationJobRequest": {
    "ignore": false,
    "uri": "/feed-monitor/v1/notification-job-request",
    "method": "post",
    "body": { "jobId": { "$value": "{args.jobId}", "$type": "number" } }
  },
  "SystemConfiguration": {
    "ignore": false,
    "uri": "/feed-monitor/v1/system-configurations",
    "method": "patch",
    "body": {
      "op": "{args.op}",
      "path": "/",
      "value": {
        "id": { "$value": "{args.id}", "$type": "number" },
        "value": "{args.value}"
      }
    }
  }
}
