{
  "setNodeClassification": {
    "ignore": false,
    "uri": "/hierarchy/v1/hierarchies/{args.typeId}/nodes/{args.nodeId}/classification",
    "method": "put",
    "body": {
      "assetTypeId": "{args.assetType}",
      "capitalMultiplierId": "{args.capitalMultiplier}",
      "hyperionUnitId": "{args.hyperionUnit}",
      "syntheticPortfolioId": "{args.syntheticPortfolio}",
      "comment": "{args.comment}"
    }
  },

  "setPortfolioClassification": {
    "ignore": true,
    "uri": "/api/hierarchy/v1/{args.typeId}/portfolios/{args.portfolioId}/classification",
    "method": "put",
    "body": {}
  },

  "addNode": {
    "ignore": false,
    "uri": "/hierarchy/v1/hierarchies/{args.typeId}/nodes",
    "method": "post",
    "body": {
      "parentNodeId": "{args.parent.nodeId}",
      "nodeName": "{args.nodeId}"
    }
  },

  "deleteNode": {
    "ignore": false,
    "uri": "/hierarchy/v1/hierarchies/{args.typeId}/nodes/{args.nodeId}",
    "method": "delete",
    "body": {}
  },

  "renameNode": {
    "ignore": false,
    "uri": "/hierarchy/v1/hierarchies/{args.typeId}/nodes/{args.nodeId}",
    "method": "patch",
    "body": [{ "op": "replace", "path": "/nodeName", "value": "{args.title}" }]
  },

  "moveNode": {
    "ignore": false,
    "uri": "/hierarchy/v1/hierarchies/{args.typeId}/nodes/{args.nodeId}",
    "method": "patch",
    "body": [{ "op": "replace", "path": "/parentNodeId", "value": "{args.parent.nodeId}" }]
  }
}
