{
  "sendRerunRequest": {
    "ignore": false,
    "uri": "feed-monitor/v1/user-requests",
    "method": "post",
    "body": {
      "date": "{args.date}",
      "runDate": "{args.runDate}",
      "portfolios": {
        "$value": "{args.portfolios}",
        "$type": "array",
        "$elementMapping": { "$value": "{args}", "$type": "string" }
      },
      "reports": {
        "$value": "{args.reports}",
        "$type": "array",
        "$elementMapping": { "$value": "{args}", "$type": "string" }
      },
      "requestType": "Rerun",
      "snapshot": "{args.snapshot}",
      "comment": "{args.comment}",
      "sourceSystemEnvironments": {
        "$value": "{args.sourceSystemEnvironments}",
        "$type": "array",
        "$elementMapping": { "$value": "{args}", "$type": "string" },
        "$nullable": true
      },
      "sourceSystemIDs": {
        "$value": "{args.sourceSystemIDs}",
        "$type": "array",
        "$elementMapping": { "$value": "{args}", "$type": "number" }
      }
    }
  },
  "sendProxyRequest": {
    "ignore": false,
    "uri": "feed-monitor/v1/user-requests",
    "method": "post",
    "body": {
      "date": "{args.date}",
      "runDate": "{args.runDate}",
      "sourceBusinessDate": "{args.sourceBusinessDate}",
      "portfolios": {
        "$value": "{args.portfolios}",
        "$type": "array",
        "$elementMapping": { "$value": "{args}", "$type": "string" }
      },
      "reports": {
        "$value": "{args.reports}",
        "$type": "array",
        "$elementMapping": { "$value": "{args}", "$type": "string" }
      },
      "requestType": "Proxy",
      "snapshot": "{args.snapshot}",
      "comment": "{args.comment}",
      "sourceSystemIDs": {
        "$value": "{args.sourceSystemIDs}",
        "$type": "array",
        "$elementMapping": { "$value": "{args}", "$type": "number" }
      }
    }
  },
  "sendExcludeRequest": {
    "ignore": false,
    "uri": "feed-monitor/v1/user-requests",
    "method": "post",
    "body": {
      "date": "{args.date}",
      "runDate": "{args.runDate}",
      "portfolios": {
        "$value": "{args.portfolios}",
        "$type": "array",
        "$elementMapping": { "$value": "{args}", "$type": "string" }
      },
      "reports": {
        "$value": "{args.reports}",
        "$type": "array",
        "$elementMapping": { "$value": "{args}", "$type": "string" }
      },
      "requestType": "Exclusion",
      "snapshot": "{args.snapshot}",
      "comment": "{args.comment}",
      "sourceSystemIDs": {
        "$value": "{args.sourceSystemIDs}",
        "$type": "array",
        "$elementMapping": { "$value": "{args}", "$type": "number" }
      }
    }
  },
  "sendReloadRequest": {
    "ignore": false,
    "uri": "feed-monitor/v1/user-requests",
    "method": "post",
    "body": {
      "date": "{args.date}",
      "runDate": "{args.runDate}",
      "portfolios": {
        "$value": "{args.portfolios}",
        "$type": "array",
        "$elementMapping": { "$value": "{args}", "$type": "string" }
      },
      "reports": {
        "$value": "{args.reports}",
        "$type": "array",
        "$elementMapping": { "$value": "{args}", "$type": "string" }
      },
      "requestType": "Reload",
      "snapshot": "{args.snapshot}",
      "version": { "$value": "{args.version}", "$type": "number" },
      "comment": "{args.comment}",
      "sourceSystemIDs": {
        "$value": "{args.sourceSystemIDs}",
        "$type": "array",
        "$elementMapping": { "$value": "{args}", "$type": "number" }
      }
    }
  },
  "sendSignOffRequest": {
    "ignore": false,
    "uri": "feed-monitor/v1/user-requests",
    "method": "post",
    "body": {
      "date": "{args.date}",
      "runDate": "{args.runDate}",
      "nodeId": { "$value": "{args.nodeId}", "$type": "number" },
      "isPortfolioNode": { "$value": "{args.isPortfolioNode}", "$type": "boolean" },
      "containers": {
        "$value": "{args.containers}",
        "$type": "array",
        "$elementMapping": { "$value": "{args}", "$type": "string" }
      },
      "portfolios": {
        "$value": "{args.portfolios}",
        "$type": "array",
        "$elementMapping": { "$value": "{args}", "$type": "string" }
      },
      "requestType": "SignOff",
      "snapshot": "{args.snapshot}",
      "comment": "{args.comment}",
      "sourceSystemIDs": {
        "$value": "{args.sourceSystemIds}",
        "$type": "array",
        "$elementMapping": { "$value": "{args}", "$type": "number" }
      }
    }
  },
  "sendFMRetryFeedRequest": {
    "ignore": false,
    "uri": "feed-monitor/v1/retry-feeds",
    "method": "post",
    "body": {
      "feedIds": {
        "$value": "{args.feedIDs}",
        "$type": "array",
        "$elementMapping": { "$value": "{args}", "$type": "number" }
      },
      "retryType": "{args.retryType}"
    }
  },
  "sendREMRetryFeedRequest": {
    "ignore": false,
    "uri": "feed-monitor/v1/retry-rem-feeds",
    "method": "post",
    "body": {
      "feedIds": {
        "$value": "{args.feedIDs}",
        "$type": "array",
        "$elementMapping": { "$value": "{args}", "$type": "number" }
      },
      "retryType": "{args.retryType}"
    }
  },
  "sendOverrideFeedStatusRequest": {
    "ignore": false,
    "uri": "feed-monitor/v1/feed-statuses",
    "method": "post",
    "body": {
      "feedIds": {
        "$value": "{args.feedIDs}",
        "$type": "array",
        "$elementMapping": { "$value": "{args}", "$type": "number" }
      },
      "newStatus": "{args.newStatus}"
    }
  }
}
