{
  "StaticDataPortfolio": {
    "ignore": false,
    "uri": "/reference-data/v1/portfolios",
    "method": "post",
    "body": {
      "op": "{args.op}",
      "path": "/",
      "value": {
        "id": "{args.id}",
        "name": "{args.name}",
        "capitalHierarchy": { "id": "{args.capitalHierarchy.id}" },
        "assetTypeSystem": { "id": "{args.assetTypeSystem.id}" },
        "bookTypeSystem": { "id": "{args.bookTypeSystem.id}" },
        "hyperionUnit": { "id": "{args.hyperionUnit.id}" },
        "syntheticPortfolio": { "id": "{args.syntheticPortfolio.id}" },
        "creditBookTypeSystem": { "id": "{args.creditBookTypeSystem.id}" },
        "tradeBookingSystem": { "id": "{args.tradeBookingSystem.id}" },
        "aggregateTradeCubeFlag": "{args.aggregateTradeCubeFlag}",
        "legalEntity": { "isLEGroupSubset": "{args.isLEGroupSubset}" },
        "isFinance": "{args.isFinance}",
        "isEaR": "{args.isEaR}",
        "isActive": "{args.isActive}",
        "accountingTypeSystem": { "id": "{args.accountingTypeSystem.id}" },
        "riskHierarchy": { "id": "{args.riskHierarchy.id}" },
        "geographyHierarchy": { "id": "{args.geographyHierarchy.id}" },
        "financeHierarchy": { "id": "{args.financeHierarchy.id}" },
        "source": { "id": "{args.source.id}" },
        "comment": "{args.comment}",
        "review": { "date": "{args.reviewDate}", "by": "{args.reviewer.id}" }
      }
    }
  },
  "StaticDataRevenueCode": {
    "ignore": false,
    "uri": "/reference-data/v1/revenue-code",
    "method": "post",
    "body": {
      "op": "{args.op}",
      "path": "/",
      "value": {
        "id": "{args.id}",
        "name": "{args.name}",
        "isClean": "{args.isClean}",
        "isActive": "{args.isActive}",
        "hierarchy": { "id": "{args.hierarchy.id}" }
      }
    }
  },
  "StaticDataCapitalHierarchy": {
    "ignore": false,
    "uri": "/reference-data/v1/capital-multipliers",
    "method": "post",
    "body": {
      "op": "{args.op}",
      "path": "/",
      "value": {
        "id": "{args.id}",
        "name": "{args.name}",
        "isActive": "{args.isActive}",
        "var": { "stressFactor": "{args.stressFactor}", "10DayStd": "{args.tenDayStd}" }
      }
    }
  },
  "StaticDataProductHierarchy": {
    "ignore": false,
    "uri": "/reference-data/v1/product",
    "method": "post",
    "body": {
      "op": "{args.op}",
      "path": "/",
      "value": {
        "id": "{args.id}",
        "name": "{args.name}",
        "description": "{args.description}",
        "isActive": "{args.isActive}"
      }
    }
  },
  "StaticDataLegalEntityHierarchy": {
    "ignore": false,
    "uri": "/reference-data/v1/legal-entity",
    "method": "post",
    "body": {
      "op": "{args.op}",
      "path": "/",
      "value": {
        "id": "{args.id}",
        "name": "{args.name}",
        "legalEntity": { "id": "{args.hierarchy.id}" }
      }
    }
  },
  "StaticDataHaircutReference": {
    "ignore": false,
    "uri": "/reference-data/v1/haircut-references",
    "method": "post",
    "body": {
      "op": "{args.op}",
      "path": "/",
      "value": {
        "id": "{args.id}",
        "rating": "{args.rating}",
        "counterpartyCcr": "{args.counterpartyCcr}",
        "counterpartySector": "{args.counterpartySector}",
        "haircut": "{args.haircut}",
        "maturityBucket": "{args.maturityBucket}",
        "tier": "{args.tier}"
      }
    }
  },
  "StaticDataUnderlyingIRCurve": {
    "ignore": false,
    "uri": "/reference-data/v1/curve-with-attributes",
    "method": "post",
    "body": {
      "op": "{args.op}",
      "path": "/",
      "value": {
        "Curve": { "id": "{args.id}", "value": "{args.curve}" },
        "isActive": "{args.isActive}",
        "description": "{args.description}",
        "tenorLowerDays": "{args.tenorLowerDays}",
        "tenorUpperDays": "{args.tenorUpperDays}",
        "SCCYTypeTypeSystem": { "id": "{args.SCCYTypeTypeSystem.id}" },
        "curveTypeSystem": { "id": "{args.curveTypeSystem.id}" }
      }
    }
  },
  "StaticDataBespokeHaircut": {
    "ignore": false,
    "uri": "/reference-data/v1/bespoke-haircut",
    "method": "post",
    "body": {
      "op": "{args.op}",
      "path": "/",
      "value": {
        "id": "{args.id}",
        "type": "{args.type}",
        "issuerCountry": "{args.issuerCountry}",
        "issuerName": "{args.issuerName}",
        "variationToGuideline": "{args.variationToGuideline}",
        "maxRepoTenor": "{args.maxRepoTenor}",
        "razorCode": "{args.razorCode}",
        "startDate": "{args.startDate}",
        "counterpartyName": "{args.counterpartyName}",
        "minCollateralRating": "{args.minCollateralRating}",
        "approver": "{args.approver}",
        "endDate": "{args.endDate}"
      }
    }
  },
  "StaticDataHoldingPeriodTrade": {
    "ignore": false,
    "uri": "reference-data/v1/holding-period-trade?cobDate={$[0].replaceStaticDataHoldingPeriodTrade.cob}",
    "method": "post",
    "body": {
      "op": "{args.op}",
      "path": "/",
      "value": {
        "id": "{args.id}",
        "notional": "{args.notional}",
        "baseNotional": "{args.baseNotional}",
        "isActive": "{args.isActive}"
      }
    }
  },
  "StaticDataGrpCOMType": {
    "ignore": false,
    "uri": "/reference-data/v1/type-system-parameters",
    "method": "post",
    "body": {
      "op": "{args.op}",
      "path": "/",
      "value": {
        "id": "{args.id}",
        "value": "{args.value}",
        "system": { "id": "{args.system.id}" },
        "isActive": "{args.isActive}"
      }
    }
  },
  "StaticDataInstrumentCreditIndexType": {
    "ignore": false,
    "uri": "/reference-data/v1/type-system-parameters",
    "method": "post",
    "body": {
      "op": "{args.op}",
      "path": "/",
      "value": {
        "id": "{args.id}",
        "value": "{args.value}",
        "system": { "id": "{args.system.id}" },
        "isActive": "{args.isActive}"
      }
    }
  },
  "StaticDataGrpCOMUnit": {
    "ignore": false,
    "uri": "/reference-data/v1/type-system-parameters",
    "method": "post",
    "body": {
      "op": "{args.op}",
      "path": "/",
      "value": {
        "id": "{args.id}",
        "value": "{args.value}",
        "system": { "id": "{args.system.id}" },
        "isActive": "{args.isActive}"
      }
    }
  },
  "StaticDataCommodityTypeMapping": {
    "ignore": false,
    "uri": "/reference-data/v1/commodity-code-map",
    "method": "post",
    "body": {
      "op": "{args.op}",
      "path": "/",
      "value": { "id": "{args.id}", "Commodity": { "id": "{args.commodity.id}" } }
    }
  },
  "StaticDataGrpCOMIndexName": {
    "ignore": false,
    "uri": "/reference-data/v1/type-system-parameters",
    "method": "post",
    "body": {
      "op": "{args.op}",
      "path": "/",
      "value": {
        "id": "{args.id}",
        "value": "{args.value}",
        "system": { "id": "{args.system.id}" },
        "isActive": "{args.isActive}"
      }
    }
  },
  "StaticDataUnderlyingCCYPAIR": {
    "ignore": false,
    "uri": "/reference-data/v1/currency-pair-with-attributes",
    "method": "post",
    "body": {
      "op": "{args.op}",
      "path": "/",
      "value": {
        "id": "{args.id}",
        "name": "{args.name}",
        "description": "{args.description}",
        "isActive": "{args.isActive}",
        "comment": "{args.comment}",
        "foreignCurrency": "{args.foreignCurrency}",
        "baseCurrency": "{args.baseCurrency}",
        "ccyPairGroupTypeSystem": { "id": "{args.ccyPairGroupTypeSystem.id}" },
        "ccyPairFamilyTypeSystem": { "id": "{args.ccyPairFamilyTypeSystem.id}" }
      }
    }
  },
  "StaticDataSpecificRiskCapitalCharge": {
    "ignore": false,
    "uri": "/reference-data/v1/srircapital-charge",
    "method": "post",
    "body": {
      "op": "{args.op}",
      "path": "/",
      "value": {
        "id": "{args.id}",
        "SRCategory": { "id": "{args.sRCategory.id}" },
        "ratingBandTypeSystem": { "id": "{args.ratingBandTypeSystem.id}" },
        "tenor": { "id": "{args.tenor.id}" },
        "SRCapitalCharge": "{args.sRCapitalCharge}",
        "isActive": "{args.isActive}"
      }
    }
  },
  "StaticDataUnderlyingCOM": {
    "ignore": false,
    "uri": "/reference-data/v1/commodity-with-attributes",
    "method": "post",
    "body": {
      "op": "{args.op}",
      "path": "/",
      "value": {
        "id": "{args.id}",
        "underlyingCode": "{args.underlyingCode}",
        "comment": "{args.comment}",
        "priceQuotationTypeSystem": { "id": "{args.priceQuotationTypeSystem.id}" },
        "productSubGroupTypeSystem": { "id": "{args.productSubGroupTypeSystem.id}" },
        "ANZStressLabelTypeSystem": { "id": "{args.ANZStressLabelTypeSystem.id}" },
        "APRAStressLabelTypeSystem": { "id": "{args.APRAStressLabelTypeSystem.id}" },
        "indexNameTypeSystem": { "id": "{args.indexNameTypeSystem.id}" },
        "productGroupTypeSystem": { "id": "{args.productGroupTypeSystem.id}" },
        "unitTypeSystem": { "id": "{args.unitTypeSystem.id}" },
        "agriculturalExpiryMonths": "{args.agriculturalExpiryMonths}",
        "deltaGammaLotConversionTypeSystem": {
          "id": "{args.deltaGammaLotConversionTypeSystem.id}"
        },
        "description": "{args.description}",
        "isTenorBucketed": "{args.isTenorBucketed}",
        "isActive": "{args.isActive}"
      }
    }
  },
  "StaticDataUnderlyingCCY": {
    "ignore": false,
    "uri": "/reference-data/v1/currency-with-attributes",
    "method": "post",
    "body": {
      "op": "{args.op}",
      "path": "/",
      "value": {
        "id": "{args.id}",
        "name": "{args.name}",
        "offShore": "{args.offShore}",
        "isMajor": "{args.isMajor}",
        "isISO": "{args.isISO}",
        "ccyGroupTypeSystem": { "id": "{args.ccyGroupTypeSystem.id}" },
        "ccyFamilyFXOTypeSystem": { "id": "{args.ccyFamilyFXOTypeSystem.id}" },
        "ccyCdsDeliverableTypeSystem": { "id": "{args.ccyCdsDeliverableTypeSystem.id}" },
        "Curve": { "id": "{args.Curve.id}" },
        "isActive": "{args.isActive}",
        "description": "{args.description}",
        "comment": "{args.comment}"
      }
    }
  },
  "StaticDataSTFSector": {
    "ignore": false,
    "uri": "/reference-data/v1/type-system-parameters",
    "method": "post",
    "body": {
      "op": "{args.op}",
      "path": "/",
      "value": {
        "id": "{args.id}",
        "value": "{args.value}",
        "system": { "id": "{args.system.id}" },
        "isActive": "{args.isActive}"
      }
    }
  },
  "StaticDataGrpCOMDeltaGammaLotConversionFactor": {
    "ignore": false,
    "uri": "/reference-data/v1/type-system-parameters",
    "method": "post",
    "body": {
      "op": "{args.op}",
      "path": "/",
      "value": {
        "id": "{args.id}",
        "value": "{args.value}",
        "system": { "id": "{args.system.id}" },
        "isActive": "{args.isActive}"
      }
    }
  },
  "StaticDataCurrencyPairStealthType": {
    "ignore": false,
    "uri": "/reference-data/v1/type-system-parameters",
    "method": "post",
    "body": {
      "op": "{args.op}",
      "path": "/",
      "value": {
        "id": "{args.id}",
        "value": "{args.value}",
        "system": { "id": "{args.system.id}" },
        "isActive": "{args.isActive}"
      }
    }
  },
  "StaticDataCCYFamilyFXO": {
    "ignore": false,
    "uri": "/reference-data/v1/type-system-parameters",
    "method": "post",
    "body": {
      "op": "{args.op}",
      "path": "/",
      "value": {
        "id": "{args.id}",
        "value": "{args.value}",
        "system": { "id": "{args.system.id}" },
        "isActive": "{args.isActive}"
      }
    }
  },
  "StaticDataCurveTypeCurve": {
    "ignore": false,
    "uri": "/reference-data/v1/type-system-parameters",
    "method": "post",
    "body": {
      "op": "{args.op}",
      "path": "/",
      "value": {
        "id": "{args.id}",
        "value": "{args.value}",
        "system": { "id": "{args.system.id}" },
        "isActive": "{args.isActive}"
      }
    }
  },
  "StaticDataGrpCOMSubType": {
    "ignore": false,
    "uri": "/reference-data/v1/type-system-parameters",
    "method": "post",
    "body": {
      "op": "{args.op}",
      "path": "/",
      "value": {
        "id": "{args.id}",
        "value": "{args.value}",
        "system": { "id": "{args.system.id}" },
        "isActive": "{args.isActive}"
      }
    }
  },
  "StaticDataCreditBook": {
    "ignore": false,
    "uri": "/reference-data/v1/type-system-parameters",
    "method": "post",
    "body": {
      "op": "{args.op}",
      "path": "/",
      "value": {
        "id": "{args.id}",
        "value": "{args.value}",
        "system": { "id": "{args.system.id}" },
        "isActive": "{args.isActive}"
      }
    }
  },
  "StaticDataHyperionUnit": {
    "ignore": false,
    "uri": "/reference-data/v1/type-system-parameters",
    "method": "post",
    "body": {
      "op": "{args.op}",
      "path": "/",
      "value": {
        "id": "{args.id}",
        "value": "{args.value}",
        "description": "{args.description}",
        "system": { "id": "{args.system.id}" },
        "isActive": "{args.isActive}"
      }
    }
  },
  "StaticDataCCYGroup": {
    "ignore": false,
    "uri": "/reference-data/v1/type-system-parameters",
    "method": "post",
    "body": {
      "op": "{args.op}",
      "path": "/",
      "value": {
        "id": "{args.id}",
        "value": "{args.value}",
        "system": { "id": "{args.system.id}" },
        "isActive": "{args.isActive}"
      }
    }
  },
  "StaticDataAssetType": {
    "ignore": false,
    "uri": "/reference-data/v1/type-system-parameters",
    "method": "post",
    "body": {
      "op": "{args.op}",
      "path": "/",
      "value": {
        "id": "{args.id}",
        "value": "{args.value}",
        "system": { "id": "{args.system.id}" },
        "isActive": "{args.isActive}"
      }
    }
  },
  "StaticDataD2ADefaultNamespace": {
    "ignore": false,
    "uri": "reference-data/v1/d2adefault-namespaces",
    "method": "post",
    "body": {
      "op": "{args.op}",
      "path": "/",
      "value": {
        "id": "{args.id}",
        "uri": "{args.uri}",
        "prefix": "{args.prefix}",
        "isActive": "{args.isActive}"
      }
    }
  },
  "StaticDataInstrumentAPRARank": {
    "ignore": false,
    "uri": "/reference-data/v1/type-system-parameters",
    "method": "post",
    "body": {
      "op": "{args.op}",
      "path": "/",
      "value": {
        "id": "{args.id}",
        "value": "{args.value}",
        "system": { "id": "{args.system.id}" },
        "isActive": "{args.isActive}"
      }
    }
  },
  "StaticDataInternalCounterParty": {
    "ignore": false,
    "uri": "/reference-data/v1/type-system-parameters",
    "method": "post",
    "body": {
      "op": "{args.op}",
      "path": "/",
      "value": {
        "id": "{args.id}",
        "value": "{args.value}",
        "system": { "id": "{args.system.id}" },
        "isActive": "{args.isActive}"
      }
    }
  },
  "StaticDataCOMANZStressGroup": {
    "ignore": false,
    "uri": "/reference-data/v1/type-system-parameters",
    "method": "post",
    "body": {
      "op": "{args.op}",
      "path": "/",
      "value": {
        "id": "{args.id}",
        "value": "{args.value}",
        "system": { "id": "{args.system.id}" },
        "isActive": "{args.isActive}"
      }
    }
  },
  "StaticDataCOMAPRAStressLabel": {
    "ignore": false,
    "uri": "/reference-data/v1/type-system-parameters",
    "method": "post",
    "body": {
      "op": "{args.op}",
      "path": "/",
      "value": {
        "id": "{args.id}",
        "value": "{args.value}",
        "system": { "id": "{args.system.id}" },
        "isActive": "{args.isActive}"
      }
    }
  },
  "StaticDataLiquidityGeoMapping": {
    "ignore": false,
    "uri": "reference-data/v1/liquidity-geo-mappings",
    "method": "post",
    "body": {
      "op": "{args.op}",
      "path": "/",
      "value": {
        "country": "{args.id}",
        "geographyHierarchy": { "id": "{args.geographyHierarchy.id}" }
      }
    }
  },
  "StaticDataSeniorityMap": {
    "ignore": false,
    "uri": "reference-data/v1/seniority-map",
    "method": "post",
    "body": {
      "op": "{args.op}",
      "path": "/",
      "value": {
        "Seniority": "{args.id}",
        "seniority": "{args.seniority}",
        "genericSeniorityTypeSystem": { "id": "{args.genericSeniorityTypeSystem.id}" },
        "isActive": "{args.isActive}"
      }
    }
  },
  "StaticDataCOMPriceQuotation": {
    "ignore": false,
    "uri": "/reference-data/v1/type-system-parameters",
    "method": "post",
    "body": {
      "op": "{args.op}",
      "path": "/",
      "value": {
        "id": "{args.id}",
        "value": "{args.value}",
        "system": { "id": "{args.system.id}" },
        "isActive": "{args.isActive}"
      }
    }
  },
  "StaticDataGrpSTFGeography": {
    "ignore": false,
    "uri": "/reference-data/v1/type-system-parameters",
    "method": "post",
    "body": {
      "op": "{args.op}",
      "path": "/",
      "value": {
        "id": "{args.id}",
        "value": "{args.value}",
        "system": { "id": "{args.system.id}" },
        "isActive": "{args.isActive}"
      }
    }
  },
  "StaticDataCCYCDSDeliverable": {
    "ignore": false,
    "uri": "/reference-data/v1/type-system-parameters",
    "method": "post",
    "body": {
      "op": "{args.op}",
      "path": "/",
      "value": {
        "id": "{args.id}",
        "value": "{args.value}",
        "system": { "id": "{args.system.id}" },
        "isActive": "{args.isActive}"
      }
    }
  },
  "StaticDataCCYPairFamily": {
    "ignore": false,
    "uri": "/reference-data/v1/type-system-parameters",
    "method": "post",
    "body": {
      "op": "{args.op}",
      "path": "/",
      "value": {
        "id": "{args.id}",
        "value": "{args.value}",
        "system": { "id": "{args.system.id}" },
        "isActive": "{args.isActive}"
      }
    }
  },
  "StaticDataIssuerFamily": {
    "ignore": false,
    "uri": "/reference-data/v1/type-system-parameters",
    "method": "post",
    "body": {
      "op": "{args.op}",
      "path": "/",
      "value": {
        "id": "{args.id}",
        "value": "{args.value}",
        "system": { "id": "{args.system.id}" },
        "isActive": "{args.isActive}"
      }
    }
  },
  "StaticDataIssuerGuaranteed": {
    "ignore": false,
    "uri": "/reference-data/v1/type-system-parameters",
    "method": "post",
    "body": {
      "op": "{args.op}",
      "path": "/",
      "value": {
        "id": "{args.id}",
        "value": "{args.value}",
        "system": { "id": "{args.system.id}" },
        "isActive": "{args.isActive}"
      }
    }
  },
  "StaticDataIssuerType": {
    "ignore": false,
    "uri": "/reference-data/v1/type-system-parameters",
    "method": "post",
    "body": {
      "op": "{args.op}",
      "path": "/",
      "value": {
        "id": "{args.id}",
        "value": "{args.value}",
        "system": { "id": "{args.system.id}" },
        "isActive": "{args.isActive}"
      }
    }
  },
  "StaticDataGrpNationalMarket": {
    "ignore": false,
    "uri": "/reference-data/v1/type-system-parameters",
    "method": "post",
    "body": {
      "op": "{args.op}",
      "path": "/",
      "value": {
        "id": "{args.id}",
        "value": "{args.value}",
        "system": { "id": "{args.system.id}" },
        "isActive": "{args.isActive}"
      }
    }
  },
  "StaticDataEQSpecificRiskWeight": {
    "ignore": false,
    "uri": "/reference-data/v1/type-system-parameters",
    "method": "post",
    "body": {
      "op": "{args.op}",
      "path": "/",
      "value": {
        "id": "{args.id}",
        "value": "{args.value}",
        "system": { "id": "{args.system.id}" },
        "isActive": "{args.isActive}"
      }
    }
  },
  "StaticDataGrpEQRegion": {
    "ignore": false,
    "uri": "/reference-data/v1/type-system-parameters",
    "method": "post",
    "body": {
      "op": "{args.op}",
      "path": "/",
      "value": {
        "id": "{args.id}",
        "value": "{args.value}",
        "system": { "id": "{args.system.id}" },
        "isActive": "{args.isActive}"
      }
    }
  },
  "StaticDataGrpEQTier": {
    "ignore": false,
    "uri": "/reference-data/v1/type-system-parameters",
    "method": "post",
    "body": {
      "op": "{args.op}",
      "path": "/",
      "value": {
        "id": "{args.id}",
        "value": "{args.value}",
        "system": { "id": "{args.system.id}" },
        "isActive": "{args.isActive}"
      }
    }
  },
  "StaticDataGrpEQType": {
    "ignore": false,
    "uri": "/reference-data/v1/type-system-parameters",
    "method": "post",
    "body": {
      "op": "{args.op}",
      "path": "/",
      "value": {
        "id": "{args.id}",
        "value": "{args.value}",
        "system": { "id": "{args.system.id}" },
        "isActive": "{args.isActive}"
      }
    }
  },
  "StaticDataD2AForms": {
    "ignore": false,
    "uri": "reference-data/v1/d2aforms",
    "method": "post",
    "body": {
      "op": "{args.op}",
      "path": "/",
      "value": {
        "id": "{args.id}",
        "version": "{args.version}",
        "order": "{args.order}",
        "formCode": "{args.formCode}",
        "formName": "{args.formName}",
        "returnIdentifier": { "id": "{args.returnIdentifier.id}" },
        "calculateTwoLevels": "{args.calculateTwoLevels}",
        "isActive": "{args.isActive}"
      }
    }
  },
  "StaticDataCountry": {
    "ignore": false,
    "uri": "reference-data/v1/country",
    "method": "post",
    "body": {
      "op": "{args.op}",
      "path": "/",
      "value": {
        "id": "{args.id}",
        "countryCode": "{args.countryCode}",
        "name": "{args.name}",
        "baseCurrency": { "id": "{args.baseCurrency.id}" },
        "geography": { "id": "{args.geography.id}" },
        "OECDIndicator": "{args.OECDIndicator}",
        "isCMRC": "{args.isCMRC}",
        "STFGeographyTypeSystem": { "id": "{args.STFGeographyTypeSystem.id}" },
        "FRTBGeographyTypeSystem": { "id": "{args.FRTBGeographyTypeSystem.id}" },
        "isActive": "{args.isActive}"
      }
    }
  },
  "StaticDataApportionmentExclusion": {
    "ignore": false,
    "uri": "reference-data/v1/apportionment-exclusion",
    "method": "post",
    "body": {
      "op": "{args.op}",
      "path": "/",
      "value": {
        "apportionmentExclusion": { "$value": "{args.id}", "$type": "number" },
        "node": { "id": { "$value": "{args.node.id}", "$type": "number" } },
        "isActive": "{args.isActive}"
      }
    }
  },
  "StaticDataCICSIssuerCodeMappingType": {
    "ignore": false,
    "uri": "reference-data/v1/issuer-cicscode",
    "method": "post",
    "body": {
      "op": "{args.op}",
      "path": "/",
      "value": { "IssuerCICSCode": "{args.id}", "Issuer": { "id": "{args.Issuer.id}" } }
    }
  },
  "StaticDataIssuer": {
    "ignore": false,
    "uri": "reference-data/v1/issuer-with-attribute",
    "method": "post",
    "body": {
      "op": "{args.op}",
      "path": "/",
      "value": {
        "id": "{args.id}",
        "issuerCode": "{args.issuerCode}",
        "description": "{args.description}",
        "ackey": "{args.ackey}",
        "issuerEquityTicker": "{args.issuerEquityTicker}",
        "Country": { "id": "{args.Country.id}" },
        "parentIssuer": { "id": "{args.parentIssuer.id}" },
        "issuerTypeTypeSystem": { "id": "{args.issuerTypeTypeSystem.id}" },
        "APRAApproved": "{args.APRAApproved}",
        "isExclude": "{args.isExclude}",
        "SRCategory": { "id": "{args.SRCategory.id}" },
        "ratingBandTypeSystem": { "id": "{args.ratingBandTypeSystem.id}" },
        "commentISS": "{args.commentISS}",
        "issuerFamilyTypeSystem": { "id": "{args.issuerFamilyTypeSystem.id}" },
        "issuerGuaranteedTypeSystem": { "id": "{args.issuerGuaranteedTypeSystem.id}" },
        "parentOwned": "{args.parentOwned}",
        "snpIssueRating": { "id": "{args.snpIssueRating.id}" },
        "moIssueRating": { "id": "{args.moIssueRating.id}" },
        "fitchIssueRating": { "id": "{args.fitchIssueRating.id}" },
        "sector": "{args.sector}",
        "STFSectorTypeSystem": { "id": "{args.STFSectorTypeSystem.id}" },
        "amountOutstanding": "{args.amountOutstanding}",
        "isDataReview": "{args.isDataReview}",
        "isIgnore": "{args.isIgnore}",
        "murexVersions": "{args.murexVersions}",
        "isMurexRiskless": "{args.isMurexRiskless}",
        "countryOfDomicile": "{args.countryOfDomicile}",
        "industrySector": "{args.industrySector}",
        "industryGroup": "{args.industryGroup}",
        "marketSectorDescription": "{args.marketSectorDescription}",
        "comment": "{args.comment}",
        "isActive": "{args.isActive}"
      }
    }
  },
  "StaticDataStealthHealthRange": {
    "ignore": false,
    "uri": "reference-data/v1/stealth-health-ranges",
    "method": "post",
    "body": {
      "op": "{args.op}",
      "path": "/",
      "value": {
        "id": "{args.id}",
        "name": "{args.name}",
        "rangeFrom": "{args.rangeFrom}",
        "rangeTo": "{args.rangeTo}",
        "isActive": "{args.isActive}"
      }
    }
  },
  "StaticDataRiskThresholdCatchAll": {
    "ignore": false,
    "uri": "/reference-data/v1/risk-type",
    "method": "post",
    "body": {
      "op": "{args.op}",
      "path": "/",
      "value": {
        "id": "{args.id}",
        "reconThresholdAmt": "{args.reconThresholdAmt}",
        "isActive": "{args.isActive}"
      }
    }
  },
  "StaticDataHoldingPeriodExcludedIssuerCcy": {
    "ignore": false,
    "uri": "reference-data/v1/holding-period-excluded-issuer-ccy",
    "method": "post",
    "body": {
      "op": "{args.op}",
      "path": "/",
      "value": {
        "issuer": { "id": "{args.issuer.id}" },
        "ccy": { "id": "{args.ccy.id}" },
        "isActive": "{args.isActive}"
      }
    }
  },
  "StaticDataCRDIComposition": {
    "ignore": false,
    "uri": "reference-data/v1/crdindex-compositions?cobDate={$[0].replaceStaticDataCRDIComposition.cob}",
    "method": "post",
    "body": {
      "op": "{args.op}",
      "path": "/",
      "value": { "id": "{args.id}", "compositionPercentage": "{args.compositionPercentage}" }
    }
  },
  "StaticDataUnderlyingEq": {
    "ignore": false,
    "uri": "reference-data/v1/ticker-with-attributes",
    "method": "post",
    "body": {
      "op": "{args.op}",
      "path": "/",
      "value": {
        "id": "{args.id}",
        "ticker": "{args.ticker}",
        "description": "{args.description}",
        "SecurityMarket": { "id": "{args.SecurityMarket.id}" },
        "EQTypeTypeSystem": { "id": "{args.EQTypeTypeSystem.id}" },
        "EQRegionTypeSystem": { "id": "{args.EQRegionTypeSystem.id}" },
        "EQTierTypeSystem": { "id": "{args.EQTierTypeSystem.id}" },
        "EQSpecificRiskWeightTypeSystem": { "id": "{args.EQSpecificRiskWeightTypeSystem.id}" },
        "isIgnore": "{args.isIgnore}",
        "comment": "{args.comment}",
        "isActive": "{args.isActive}"
      }
    }
  },
  "StaticDataSingleCurveTypeCurve": {
    "ignore": false,
    "uri": "/reference-data/v1/type-system-parameters",
    "method": "post",
    "body": {
      "op": "{args.op}",
      "path": "/",
      "value": {
        "id": "{args.id}",
        "value": "{args.value}",
        "system": { "id": "{args.system.id}" },
        "isActive": "{args.isActive}"
      }
    }
  },
  "StaticDataCCYPairOnOffShore": {
    "ignore": false,
    "uri": "/reference-data/v1/type-system-parameters",
    "method": "post",
    "body": {
      "op": "{args.op}",
      "path": "/",
      "value": {
        "id": "{args.id}",
        "value": "{args.value}",
        "system": { "id": "{args.system.id}" },
        "isActive": "{args.isActive}"
      }
    }
  },
  "StaticDataNationalMarket": {
    "ignore": false,
    "uri": "/reference-data/v1/security-market-with-attribute",
    "method": "post",
    "body": {
      "op": "{args.op}",
      "path": "/",
      "value": {
        "id": "{args.id}",
        "nationalMarketTypeSystem": { "id": "{args.nationalMarketTypeSystem.id}" },
        "comment": "{args.comment}"
      }
    }
  },
  "StaticDataSpecificRiskLongTermIssue": {
    "ignore": false,
    "uri": "/reference-data/v1/srlong-term-issues",
    "method": "post",
    "body": {
      "op": "{args.op}",
      "path": "/",
      "value": {
        "id": "{args.id}",
        "resecuritisationExposures": "{args.resecuritisationExposures}",
        "securitisationExposures": "{args.securitisationExposures}"
      }
    }
  },
  "StaticDataSpecificRiskShortTermIssue": {
    "ignore": false,
    "uri": "/reference-data/v1/srshort-term-issues",
    "method": "post",
    "body": {
      "op": "{args.op}",
      "path": "/",
      "value": {
        "id": "{args.id}",
        "resecuritisationExposures": "{args.resecuritisationExposures}",
        "securitisationExposures": "{args.securitisationExposures}"
      }
    }
  },
  "StaticDataLongTermCreditRating": {
    "ignore": false,
    "uri": "reference-data/v1/credit-rating-with-attribute",
    "method": "post",
    "body": {
      "op": "{args.op}",
      "path": "/",
      "value": { "id": "{args.id}", "ranking": "{args.ranking}", "comment": "{args.comment}" }
    }
  },
  "StaticDataVolckerDesk": {
    "ignore": false,
    "uri": "reference-data/v1/volcker-desk",
    "method": "post",
    "body": {
      "op": "{args.op}",
      "path": "/",
      "value": {
        "id": "{args.id}",
        "name": "{args.name}",
        "description": "{args.description}",
        "reportingCategory": { "id": "{args.reportingCategory.id}" },
        "GlobalBusinessUnit": { "id": "{args.GlobalBusinessUnit.id}" },
        "isActive": "{args.isActive}"
      }
    }
  },
  "StaticDataSpecRiskTradeExclusion": {
    "ignore": false,
    "uri": "reference-data/v1/trade-exclusion",
    "method": "post",
    "body": {
      "op": "{args.op}",
      "path": "/",
      "value": {
        "id": "{args.id}",
        "reportName": "{args.reportName.id}",
        "tradeNumber": "{args.tradeNumber}",
        "comment": "{args.comment}",
        "isActive": "{args.isActive}"
      }
    }
  },
  "StaticDataCounterparty": {
    "ignore": false,
    "uri": "reference-data/v1/counter-party-with-attributes",
    "method": "post",
    "body": {
      "op": "{args.op}",
      "path": "/",
      "value": {
        "id": "{args.id}",
        "counterpartyName": "{args.counterpartyName}",
        "Country": { "id": "{args.Country.id}" },
        "internalGroupTypeSystem": { "id": "{args.internalGroupTypeSystem.id}" },
        "STFSectorTypeSystem": { "id": "{args.STFSectorTypeSystem.id}" },
        "isInternal": "{args.isInternal}",
        "razorCode": "{args.razorCode}",
        "CTPYCOUNTRYOFRISK": "{args.CTPYCOUNTRYOFRISK}",
        "COUNTRYOFDOMICILE": "{args.COUNTRYOFDOMICILE}",
        "interbank": "{args.interbank}",
        "CTPYCCR": "{args.CTPYCCR}",
        "setNo": "{args.setNo}",
        "controlPoint": "{args.controlPoint}",
        "CTPYRazorName": "{args.CTPYRazorName}",
        "interdeskDescription": "{args.interdeskDescription}",
        "comment": "{args.comment}"
      }
    }
  },
  "StaticDataGeography": {
    "ignore": false,
    "uri": "/reference-data/v1/geography",
    "method": "post",
    "body": {
      "op": "{args.op}",
      "path": "/",
      "value": { "id": "{args.id}", "name": "{args.name}", "isActive": "{args.isActive}" }
    }
  },
  "StaticDataEquityUnderlyingSpecificRiskMap": {
    "ignore": false,
    "uri": "reference-data/v1/ticker-specific-risk-map",
    "method": "post",
    "body": {
      "op": "{args.op}",
      "path": "/",
      "value": {
        "id": "{args.id}",
        "mappedTicker": { "id": "{args.mappedTicker.id}" },
        "ticker": { "id": "{args.ticker.id}" },
        "isActive": "{args.isActive}"
      }
    }
  },
  "StaticDataEquityVegaOptionExpiryNetBucketsCapFloor": {
    "ignore": false,
    "uri": "reference-data/v1/update-tenor-bucket",
    "method": "post",
    "body": {
      "op": "{args.op}",
      "path": "/",
      "value": [
        {
          "term": "{args.term}",
          "sp_id": { "$value": "{args.sp_id}", "$type": "number" },
          "net3m": { "$value": "{args.net3m}", "$type": "number" },
          "net1y": { "$value": "{args.net1y}", "$type": "number" },
          "net3y": { "$value": "{args.net3y}", "$type": "number" },
          "net10y": { "$value": "{args.net10y}", "$type": "number" },
          "net20y": { "$value": "{args.net20y}", "$type": "number" }
        }
      ]
    }
  },
  "StaticDataCreditStressBondIssuer": {
    "ignore": false,
    "uri": "reference-data/v1/credit-stress-issuer",
    "method": "post",
    "body": {
      "op": "{args.op}",
      "path": "/",
      "value": {
        "id": "{args.id}",
        "Issuer": { "id": "{args.Issuer.id}" },
        "Currency": { "id": "{args.Currency.id}" },
        "daysToMaturity": "{args.daysToMaturity}",
        "longStress": "{args.longStress}",
        "shortStress": "{args.shortStress}",
        "isActive": "{args.isActive}"
      }
    }
  },
  "StaticDataEquityVegaNetBuckets": {
    "ignore": false,
    "uri": "reference-data/v1/update-tenor-bucket",
    "method": "post",
    "body": {
      "op": "{args.op}",
      "path": "/",
      "value": [
        {
          "term": "{args.term}",
          "sp_id": { "$value": "{args.sp_id}", "$type": "number" },
          "net1m": { "$value": "{args.net1m}", "$type": "number" },
          "net2m": { "$value": "{args.net2m}", "$type": "number" },
          "net1y": { "$value": "{args.net1y}", "$type": "number" },
          "net2y": { "$value": "{args.net2y}", "$type": "number" },
          "net6m": { "$value": "{args.net6m}", "$type": "number" },
          "net3m": { "$value": "{args.net3m}", "$type": "number" },
          "net3y": { "$value": "{args.net3y}", "$type": "number" },
          "net4y": { "$value": "{args.net4y}", "$type": "number" }
        }
      ]
    }
  },
  "StaticDataFXOVegaNetBuckets": {
    "ignore": false,
    "uri": "reference-data/v1/update-tenor-bucket",
    "method": "post",
    "body": {
      "op": "{args.op}",
      "path": "/",
      "value": [
        {
          "term": "{args.term}",
          "sp_id": { "$value": "{args.sp_id}", "$type": "number" },
          "net1m": { "$value": "{args.net1m}", "$type": "number" },
          "net3m": { "$value": "{args.net3m}", "$type": "number" },
          "net1y": { "$value": "{args.net1y}", "$type": "number" },
          "net3y": { "$value": "{args.net3y}", "$type": "number" },
          "net10y": { "$value": "{args.net10y}", "$type": "number" },
          "net15y": { "$value": "{args.net15y}", "$type": "number" },
          "net1m_1y": { "$value": "{args.net1m_1y}", "$type": "number" },
          "net1yPlus": { "$value": "{args.net1yPlus}", "$type": "number" },
          "net6mPlus": { "$value": "{args.net6mPlus}", "$type": "number" }
        }
      ]
    }
  },
  "StaticDataVegaOptionExpiryNetBucketsSwaptionEtOs": {
    "ignore": false,
    "uri": "reference-data/v1/update-tenor-bucket",
    "method": "post",
    "body": {
      "op": "{args.op}",
      "path": "/",
      "value": [
        {
          "term": "{args.term}",
          "sp_id": { "$value": "{args.sp_id}", "$type": "number" },
          "net10y": { "$value": "{args.net10y}", "$type": "number" },
          "net30yPlus": { "$value": "{args.net30yPlus}", "$type": "number" },
          "net20y": { "$value": "{args.net20y}", "$type": "number" },
          "net1y": { "$value": "{args.net1y}", "$type": "number" },
          "net3m": { "$value": "{args.net3m}", "$type": "number" },
          "net20yPlus": { "$value": "{args.net20yPlus}", "$type": "number" },
          "net3y": { "$value": "{args.net3y}", "$type": "number" }
        }
      ]
    }
  },
  "StaticDataVegaUnderlyingSwapBondMaturityNetBuckets": {
    "ignore": false,
    "uri": "reference-data/v1/update-tenor-bucket",
    "method": "post",
    "body": {
      "op": "{args.op}",
      "path": "/",
      "value": [
        {
          "term": "{args.term}",
          "sp_id": { "$value": "{args.sp_id}", "$type": "number" },
          "net3m": { "$value": "{args.net3m}", "$type": "number" },
          "net2y": { "$value": "{args.net2y}", "$type": "number" },
          "net5y": { "$value": "{args.net5y}", "$type": "number" },
          "net10y": { "$value": "{args.net10y}", "$type": "number" },
          "net20y": { "$value": "{args.net20y}", "$type": "number" }
        }
      ]
    }
  },
  "StaticDataNetBucketingCr01": {
    "ignore": false,
    "uri": "reference-data/v1/update-tenor-bucket",
    "method": "post",
    "body": {
      "op": "{args.op}",
      "path": "/",
      "value": [
        {
          "term": "{args.term}",
          "sp_id": { "$value": "{args.sp_id}", "$type": "number" },
          "net10y": { "$value": "{args.net10y}", "$type": "number" },
          "net30yPlus": { "$value": "{args.net30yPlus}", "$type": "number" },
          "net20y": { "$value": "{args.net20y}", "$type": "number" },
          "net1y": { "$value": "{args.net1y}", "$type": "number" },
          "net3m": { "$value": "{args.net3m}", "$type": "number" },
          "net5y": { "$value": "{args.net5y}", "$type": "number" },
          "net3y": { "$value": "{args.net3y}", "$type": "number" }
        }
      ]
    }
  },
  "StaticDataNetBucketingDv01SrIrgCpiDv01": {
    "ignore": false,
    "uri": "reference-data/v1/update-tenor-bucket",
    "method": "post",
    "body": {
      "op": "{args.op}",
      "path": "/",
      "value": [
        {
          "term": "{args.term}",
          "sp_id": { "$value": "{args.sp_id}", "$type": "number" },
          "net3mCom": { "$value": "{args.net3mCom}", "$type": "number" },
          "net1yPlus": { "$value": "{args.net1yPlus}", "$type": "number" },
          "net10y": { "$value": "{args.net10y}", "$type": "number" },
          "net4yFXO": { "$value": "{args.net4yFXO}", "$type": "number" },
          "net20y": { "$value": "{args.net20y}", "$type": "number" },
          "net1mFXO": { "$value": "{args.net1mFXO}", "$type": "number" },
          "net3m": { "$value": "{args.net3m}", "$type": "number" },
          "net10yCom": { "$value": "{args.net10yCom}", "$type": "number" },
          "net1yCom": { "$value": "{args.net1yCom}", "$type": "number" },
          "net6mPlus": { "$value": "{args.net6mPlus}", "$type": "number" },
          "net30yPlus": { "$value": "{args.net30yPlus}", "$type": "number" },
          "net3yFXO": { "$value": "{args.net3yFXO}", "$type": "number" },
          "net2yFXO": { "$value": "{args.net2yFXO}", "$type": "number" },
          "net2mFXO": { "$value": "{args.net2mFXO}", "$type": "number" },
          "net7yFXO": { "$value": "{args.net7yFXO}", "$type": "number" },
          "nFA10y": { "$value": "{args.nFA10y}", "$type": "number" },
          "net2m_3m": { "$value": "{args.net2m_3m}", "$type": "number" },
          "net6mFXO": { "$value": "{args.net6mFXO}", "$type": "number" },
          "nFA2y": { "$value": "{args.nFA2y}", "$type": "number" },
          "nFA30y": { "$value": "{args.nFA30y}", "$type": "number" },
          "nFA5y": { "$value": "{args.nFA5y}", "$type": "number" },
          "net10yPlus": { "$value": "{args.net10yPlus}", "$type": "number" },
          "net10yFXO": { "$value": "{args.net10yFXO}", "$type": "number" },
          "net1yFXO": { "$value": "{args.net1yFXO}", "$type": "number" },
          "net5yCom": { "$value": "{args.net5yCom}", "$type": "number" },
          "net2yPlus": { "$value": "{args.net2yPlus}", "$type": "number" },
          "net3mFXO": { "$value": "{args.net3mFXO}", "$type": "number" },
          "net3yCom": { "$value": "{args.net3yCom}", "$type": "number" },
          "netLess1yCom": { "$value": "{args.netLess1yCom}", "$type": "number" },
          "net5yFXO": { "$value": "{args.net5yFXO}", "$type": "number" },
          "net1y": { "$value": "{args.net1y}", "$type": "number" },
          "net5y": { "$value": "{args.net5y}", "$type": "number" },
          "net20yPlus": { "$value": "{args.net20yPlus}", "$type": "number" },
          "net3y": { "$value": "{args.net3y}", "$type": "number" },
          "net3mRAT": { "$value": "{args.net3mRAT}", "$type": "number" },
          "net1yRAT": { "$value": "{args.net1yRAT}", "$type": "number" },
          "net2yRAT": { "$value": "{args.net2yRAT}", "$type": "number" },
          "net3yRAT": { "$value": "{args.net3yRAT}", "$type": "number" },
          "net5yRAT": { "$value": "{args.net5yRAT}", "$type": "number" },
          "net7yRAT": { "$value": "{args.net7yRAT}", "$type": "number" },
          "net10yRAT": { "$value": "{args.net10yRAT}", "$type": "number" },
          "net15yRAT": { "$value": "{args.net15yRAT}", "$type": "number" },
          "net20yRAT": { "$value": "{args.net20yRAT}", "$type": "number" },
          "net25yRAT": { "$value": "{args.net25yRAT}", "$type": "number" },
          "net30yPlusRAT": { "$value": "{args.net30yPlusRAT}", "$type": "number" }
        }
      ]
    }
  },
  "StaticDataNetBucketingSingleCcyBasis": {
    "ignore": false,
    "uri": "reference-data/v1/update-tenor-bucket",
    "method": "post",
    "body": {
      "op": "{args.op}",
      "path": "/",
      "value": [
        {
          "term": "{args.term}",
          "sp_id": { "$value": "{args.sp_id}", "$type": "number" },
          "net10y": { "$value": "{args.net10y}", "$type": "number" },
          "net30yPlus": { "$value": "{args.net30yPlus}", "$type": "number" },
          "net20y": { "$value": "{args.net20y}", "$type": "number" },
          "net10yPlus": { "$value": "{args.net10yPlus}", "$type": "number" },
          "net1y": { "$value": "{args.net1y}", "$type": "number" },
          "net3m": { "$value": "{args.net3m}", "$type": "number" },
          "net5y": { "$value": "{args.net5y}", "$type": "number" },
          "net3y": { "$value": "{args.net3y}", "$type": "number" }
        }
      ]
    }
  },
  "StaticDataNetBucketingXccyBasisBasisGamma": {
    "ignore": false,
    "uri": "reference-data/v1/update-tenor-bucket",
    "method": "post",
    "body": {
      "op": "{args.op}",
      "path": "/",
      "value": [
        {
          "term": "{args.term}",
          "sp_id": { "$value": "{args.sp_id}", "$type": "number" },
          "net10y": { "$value": "{args.net10y}", "$type": "number" },
          "net30yPlus": { "$value": "{args.net30yPlus}", "$type": "number" },
          "net20y": { "$value": "{args.net20y}", "$type": "number" },
          "net10yPlus": { "$value": "{args.net10yPlus}", "$type": "number" },
          "net1y": { "$value": "{args.net1y}", "$type": "number" },
          "net3m": { "$value": "{args.net3m}", "$type": "number" },
          "netUnder3m": { "$value": "{args.netUnder3m}", "$type": "number" },
          "net5y": { "$value": "{args.net5y}", "$type": "number" },
          "net3y": { "$value": "{args.net3y}", "$type": "number" }
        }
      ]
    }
  },
  "StaticDataCreditStressCdsRating": {
    "ignore": false,
    "uri": "reference-data/v1/credit-stress-cdsratings",
    "method": "post",
    "body": {
      "op": "{args.op}",
      "path": "/",
      "value": {
        "id": "{args.id}",
        "anzRatingTypeSystem": { "id": "{args.anzRatingTypeSystem.id}" },
        "longStress": "{args.longStress}",
        "shortStress": "{args.shortStress}",
        "isActive": "{args.isActive}"
      }
    }
  },
  "StaticDataCreditStressCreditIndices": {
    "ignore": false,
    "uri": "reference-data/v1/credit-stress-credit-indices",
    "method": "post",
    "body": {
      "op": "{args.op}",
      "path": "/",
      "value": {
        "id": "{args.id}",
        "CRIndexType": { "id": "{args.CRIndexType.id}" },
        "longStress": "{args.longStress}",
        "shortStress": "{args.shortStress}",
        "isActive": "{args.isActive}"
      }
    }
  },
  "StaticDataCreditStressTopCdsIssuers": {
    "ignore": false,
    "uri": "reference-data/v1/credit-stress-top-cdscompress",
    "method": "post",
    "body": {
      "op": "{args.op}",
      "path": "/",
      "value": {
        "id": "{args.id}",
        "Issuer": { "id": "{args.Issuer.id}" },
        "longStress": "{args.longStress}",
        "shortStress": "{args.shortStress}",
        "isActive": "{args.isActive}"
      }
    }
  },
  "StaticDataGenericSeniority": {
    "ignore": false,
    "uri": "/reference-data/v1/type-system-parameters",
    "method": "post",
    "body": {
      "op": "{args.op}",
      "path": "/",
      "value": {
        "id": "{args.id}",
        "value": "{args.value}",
        "system": { "id": "{args.system.id}" },
        "isActive": "{args.isActive}"
      }
    }
  },
  "StaticDataCreditStressSpreadTenBondDefaultStress": {
    "ignore": false,
    "uri": "reference-data/v1/default-credit-stress-factor",
    "method": "post",
    "body": {
      "op": "{args.op}",
      "path": "/",
      "value": {
        "anzRatingTypeSystem": { "id": "{args.id}" },
        "stressFactor": "{args.stressFactor}",
        "isActive": "{args.isActive}"
      }
    }
  },
  "StaticDataRepoTypologyMap": {
    "ignore": false,
    "uri": "reference-data/v1/repo-typology-map",
    "method": "post",
    "body": {
      "op": "{args.op}",
      "path": "/",
      "value": {
        "typology": "{args.typology}",
        "mapValue": "{args.mapValue}",
        "isActive": "{args.isActive}"
      }
    }
  },
  "StaticDataRatingOverride": {
    "ignore": false,
    "uri": "reference-data/v1/rating-override",
    "method": "post",
    "body": {
      "op": "{args.op}",
      "path": "/",
      "value": {
        "id": "{args.id}",
        "Issuer": { "id": "{args.issuer.id}" },
        "CreditRating": { "id": "{args.creditRating.id}" },
        "agency": "{args.agency.id}",
        "isActive": "{args.isActive}"
      }
    }
  },
  "StaticDataCreditStressBondRating": {
    "ignore": false,
    "uri": "/reference-data/v1/credit-stress-bond-rating",
    "method": "post",
    "body": {
      "op": "{args.op}",
      "path": "/",
      "value": {
        "anzRatingTypeSystem": { "id": "{args.anzRatingTypeSystem.id}" },
        "daysToMaturity": "{args.daysToMaturity}",
        "Currency": { "id": "{args.Currency.id}" },
        "longStress": "{args.longStress}",
        "shortStress": "{args.shortStress}",
        "isActive": "{args.isActive}"
      }
    }
  },
  "StaticDataStealthMaturityRange": {
    "ignore": false,
    "uri": "/reference-data/v1/stealth-maturity-ranges",
    "method": "post",
    "body": {
      "op": "{args.op}",
      "path": "/",
      "value": {
        "id": "{args.id}",
        "name": "{args.name}",
        "rangeFrom": "{args.rangeFrom}",
        "rangeTo": "{args.rangeTo}",
        "isActive": "{args.isActive}"
      }
    }
  },
  "StaticDataCustomMember": {
    "ignore": false,
    "uri": "reference-data/v1/custom-members",
    "method": "post",
    "body": {
      "op": "{args.op}",
      "path": "/",
      "value": {
        "id": "{args.id}",
        "name": "{args.name}",
        "underlyingType": "{args.underlyingType.id}",
        "operation": "{args.operation.id}",
        "nameofUnderlying": {
          "$value": "{args.nameofUnderlying}",
          "$type": "array",
          "$elementMapping": {
            "id": { "$value": "{args.id}", "$type": "number" },
            "weight": { "$value": "{args.weight}", "$type": "number" }
          }
        },
        "isActive": "{args.isActive}"
      }
    }
  },
  "StaticDataTenorDaysToMaturity": {
    "ignore": false,
    "uri": "reference-data/v1/tenor-eto",
    "method": "post",
    "body": {
      "op": "{args.op}",
      "path": "/",
      "value": {
        "id": "{args.id}",
        "Tenor": "{args.tenor}",
        "daysToMaturity": "{args.daysToMaturity}",
        "isDeliverable": "{args.isDeliverable}"
      }
    }
  },
  "StaticDataLMENonDeliveryDay": {
    "ignore": false,
    "uri": "reference-data/v1/lme-non-delivery-day",
    "method": "post",
    "body": {
      "op": "{args.op}",
      "path": "/",
      "value": { "date": "{args.date}", "isLMENonDelivery": "{args.isLMENonDelivery}" }
    }
  },
  "StaticDataPortfolioConfig": {
    "ignore": false,
    "uri": "reference-data/v1/portfolio-configs",
    "method": "post",
    "body": {
      "op": "{args.op}",
      "path": "/",
      "value": {
        "id": "{args.id}",
        "portfolio": { "id": "{args.portfolio.id}" },
        "source": "{args.sources}",
        "officialSource": "{args.officialSource.id}",
        "isActive": "{args.isActive}"
      }
    }
  },
  "StaticDataInstrumentAssetSwapSpread": {
    "ignore": false,
    "uri": "reference-data/v1/update-asset-swap-spread",
    "method": "post",
    "body": {
      "op": "{args.op}",
      "path": "/",
      "value": {
        "Instrument": { "$value": "{args.id}", "$type": "number" },
        "ISIN": "{args.ISIN}",
        "spread": { "$value": "{args.spread}", "$type": "number" },
        "cobDate": { "$value": "{args.cob}", "$type": "number" }
      }
    }
  },
  "StaticDataMarketRiskBusinessGroup": {
    "ignore": false,
    "uri": "limits/v1/market-risk-business-group",
    "method": "post",
    "body": {
      "op": "{args.op}",
      "path": "/",
      "value": {
        "id": { "$value": "{args.id}", "$type": "number" },
        "description": "{args.description}",
        "name": "{args.value}",
        "isActive": { "$value": "{args.isActive}", "$type": "boolean" }
      }
    }
  },
  "MarketRiskBusinessMapping": {
    "ignore": false,
    "uri": "limits/v1/market-risk-business",
    "method": "post",
    "body": {
      "op": "{args.op}",
      "path": "/",
      "value": {
        "id": { "$value": "{args.id}", "$type": "number" },
        "code": "{args.code}",
        "marketRiskBusinessDescription": "{args.marketRiskBusinessDescription}",
        "marketRiskBusinessGroup": { "id": "{args.marketRiskBusinessGroup.id}" }
      }
    }
  },
  "StaticDataLimitClassifications": {
    "ignore": false,
    "uri": "limits/v1/classifications",
    "method": "post",
    "body": {
      "op": "{args.op}",
      "path": "/",
      "value": {
        "id": { "$value": "{args.id}", "$type": "number" },
        "description": "{args.description}",
        "isActive": { "$value": "{args.isActive}", "$type": "boolean" }
      }
    }
  },
  "StaticDataExcessReasons": {
    "ignore": false,
    "uri": "limits/v1/excess-reason",
    "method": "post",
    "body": {
      "op": "{args.op}",
      "path": "/",
      "value": {
        "id": { "$value": "{args.id}", "$type": "number" },
        "description": "{args.description}",
        "isActive": { "$value": "{args.isActive}", "$type": "boolean" }
      }
    }
  },
  "StaticDataPurposeForChange": {
    "ignore": false,
    "uri": "limits/v1/purpose-for-change",
    "method": "post",
    "body": {
      "op": "{args.op}",
      "path": "/",
      "value": {
        "id": { "$value": "{args.id}", "$type": "number" },
        "description": "{args.description}",
        "isActive": { "$value": "{args.isActive}", "$type": "boolean" }
      }
    }
  },
  "StaticDataDynamicLimitThreshold": {
    "ignore": false,
    "uri": "limits/v1/dynamic-limit-threshold",
    "method": "post",
    "body": {
      "op": "{args.op}",
      "path": "/",
      "value": {
        "id": { "$value": "{args.id}", "$type": "number" },
        "percentageLong": { "$value": "{args.percentageLong}", "$type": "number" },
        "percentageShort": { "$value": "{args.percentageShort}", "$type": "number" },
        "isActive": { "$value": "{args.isActive}", "$type": "boolean" }
      }
    }
  },
  "StaticDataGlobalProductLine": {
    "ignore": false,
    "uri": "limits/v1/global-product-lines",
    "method": "post",
    "body": {
      "op": "{args.op}",
      "path": "/",
      "value": {
        "id": { "$value": "{args.id}", "$type": "number" },
        "description": "{args.description}",
        "isActive": { "$value": "{args.isActive}", "$type": "boolean" }
      }
    }
  },
  "StaticDataInstrument": {
    "ignore": false,
    "uri": "reference-data/v1/instrument-with-attributes",
    "method": "post",
    "body": {
      "op": "{args.op}",
      "path": "/",
      "value": {
        "id": "{args.id}",
        "name": "{args.name}",
        "ISIN": "{args.ISIN}",
        "description": "{args.description}",
        "bloombergSeniority": "{args.bloombergSeniority}",
        "called": "{args.called}",
        "bailInStatus": "{args.bailInStatus}",
        "instrumentDebtTicker": "{args.instrumentDebtTicker}",
        "issuerEquityTicker": "{args.issuerEquityTicker}",
        "keepwellAgreement": "{args.keepwellAgreement}",
        "guarantorEquityTicker": "{args.guarantorEquityTicker}",
        "SBLCEntity": "{args.SBLCEntity}",
        "apraDerivedRating": "{args.apraDerivedRating}",
        "derivedRatingOverrideComment": "{args.derivedRatingOverrideComment}",
        "entityOfRiskComment": "{args.entityOfRiskComment}",
        "countryOfRisk": "{args.countryOfRisk}",
        "countryOfRiskOverrideComment": "{args.countryOfRiskOverrideComment}",
        "BICSLevel1": "{args.BICSLevel1}",
        "BICSLevel2": "{args.BICSLevel2}",
        "BICSLevel3": "{args.BICSLevel3}",
        "capitalTriggerType": "{args.capitalTriggerType}",
        "capitalTriggerLevel": "{args.capitalTriggerLevel}",
        "leadManager": "{args.leadManager}",
        "useOfProceeds": "{args.useOfProceeds}",
        "domesticSUKUK": "{args.domesticSUKUK}",
        "internationalSUKUK": "{args.internationalSUKUK}",
        "descriptionNotes": "{args.descriptionNotes}",
        "marketIssue": "{args.marketIssue}",
        "acKey": "{args.acKey}",
        "basel3Designation": "{args.basel3Designation}",
        "countryOfDomicile": "{args.countryOfDomicile}",
        "industrySector": "{args.industrySector}",
        "industryGroup": "{args.industryGroup}",
        "marketSectorDescription": "{args.marketSectorDescription}",
        "redemptionCurrency": "{args.redemptionCurrency}",
        "couponFrequencyDescription": "{args.couponFrequencyDescription}",
        "couponType": "{args.couponType}",
        "floaterFormula": "{args.floaterFormula}",
        "floaterSpread": "{args.floaterSpread}",
        "makeWholeCallSpread": "{args.makeWholeCallSpread}",
        "makeWholeIndicator": "{args.makeWholeIndicator}",
        "entityOfRiskSP": "{args.entityOfRiskSP}",
        "entityOfRiskMoody": "{args.entityOfRiskMoody}",
        "entityOfRiskFitch": "{args.entityOfRiskFitch}",
        "entityOfRiskSPOverride": "{args.entityOfRiskSPOverride}",
        "entityOfRiskMoodyOverride": "{args.entityOfRiskMoodyOverride}",
        "entityOfRiskFitchOverride": "{args.entityOfRiskFitchOverride}",
        "marketRiskRatingComment": "{args.marketRiskRatingComment}",
        "stepUp": "{args.stepUp}",
        "perpetual": "{args.perpetual}",
        "riskComment": "{args.riskComment}",
        "typeOfBond": "{args.typeOfBond}",
        "creditCurveLabel": "{args.creditCurveLabel}",
        "countryOfRiskOverrideID": "{args.countryOfRiskOverride}",
        "issueOutstandingAmount": "{args.issueOutstandingAmount}",
        "instrumentUtilisation": "{args.instrumentUtilisation}",
        "Currency": { "id": "{args.Currency.id}" },
        "genericSeniorityTypeSystem": { "id": "{args.genericSeniorityTypeSystem.id}" },
        "snpIssueRating": { "id": "{args.snpIssueRating.id}" },
        "moIssueRating": { "id": "{args.moIssueRating.id}" },
        "fitchIssueRating": { "id": "{args.fitchIssueRating.id}" },
        "Issuer": { "id": "{args.Issuer.id}" },
        "guaranteeIssuer": {
          "id": { "$value": "{args.guaranteeIssuer.id}", "$type": "string", "$nullable": true }
        },
        "derivedRatingOverride": { "id": "{args.derivedRatingOverride.id}" },
        "limitEntityIssuer": { "id": "{args.limitEntityIssuer.id}" },
        "entityOfRiskIssuer": { "id": "{args.entityOfRiskIssuer.id}" },
        "overrideSRCatSec": { "id": "{args.overrideSRCatSec.id}" },
        "creditIndexTypeTypeSystem": { "id": "{args.creditIndexTypeTypeSystem.id}" },
        "issuanceCountry": { "id": "{args.issuanceCountry.id}" },
        "equityMarketCapTypeSystem": { "id": "{args.equityMarketCapTypeSystem.id}" },
        "apraRankTypeSystem": { "id": "{args.apraRankTypeSystem.id}" },
        "basel3DesignationOverrideSystem": { "id": "{args.basel3DesignationOverrideSystem.id}" },
        "ACSPResultantRating": { "id": "{args.ACSPResultantRating.id}" },
        "ACMoodyResultantRating": { "id": "{args.ACMoodyResultantRating.id}" },
        "ACFitchResultantRating": { "id": "{args.ACFitchResultantRating.id}" },
        "ACApraDerivedRating": { "id": "{args.ACApraDerivedRating.id}" },
        "curveAssignmentRatingOverride": { "id": "{args.curveAssignmentRatingOverride.id}" },
        "curveAssignmentRating": { "id": "{args.curveAssignmentRating.id}" },
        "apraStressSecTypeSystem": { "id": "{args.apraStressSecTypeSystem.id}" },
        "overrideRatingBandSec": { "id": "{args.overrideRatingBandSec.id}" },
        "holdingPeriodStatusTypeSystem": { "id": "{args.holdingPeriodStatusTypeSystem.id}" },
        "maturityDate": "{args.maturityDate}",
        "nextCallDate": "{args.nextCallDate}",
        "dateOfIssue": "{args.dateOfIssue}",
        "dueDilligenceDate": "{args.dueDilligenceDate}",
        "secFstAccDate": "{args.secFstAccDate}",
        "callableFlag": "{args.callableFlag}",
        "isGuaranteed": "{args.isGuaranteed}",
        "isOECD": "{args.isOECD}",
        "isGoodISIN": "{args.isGoodISIN}",
        "isDueDilligence": "{args.isDueDilligence}",
        "isDataReview": "{args.isDataReview}",
        "isIgnore": "{args.isIgnore}",
        "isCollateralised": "{args.isCollateralised}",
        "isApraApproved": "{args.isApraApproved}",
        "isTier1Tier2": "{args.isTier1Tier2}",
        "flag144A": "{args.flag144A}",
        "isRegS": "{args.isRegS}",
        "creditTick": "{args.creditTick}",
        "comment": "{args.comment}",
        "isActive": "{args.isActive}"
      }
    }
  },
  "MarketRiskBusinessAssignmentMapping": {
    "ignore": false,
    "uri": "limits/v1/market-risk-business-management",
    "method": "post",
    "body": {
      "op": "{args.op}",
      "path": "/",
      "value": {
        "marketRiskBusiness": {
          "id": { "$value": "{args.marketRiskBusiness.id}", "$type": "number" }
        },
        "userId": "{args.user.id}",
        "receiveNotifications": { "$value": "{args.receiveNotifications}", "$type": "boolean" },
        "isActive": { "$value": "{args.isActive}", "$type": "boolean" }
      }
    }
  },
  "CMRCPeriod": {
    "ignore": false,
    "uri": "limits/v1/cmrc-period",
    "method": "post",
    "body": {
      "op": "{args.op}",
      "path": "/",
      "value": {
        "id": { "$value": "{args.id}", "$type": "number" },
        "cmrcPeriodDate": "{args.cmrcPeriodDate}",
        "isCmrcReported": { "$value": "{args.isCmrcReported}", "$type": "boolean" },
        "isActive": { "$value": "{args.isActive}", "$type": "boolean" }
      }
    }
  },
  "MarketRiskBusinessGroupEmailMapping": {
    "ignore": false,
    "uri": "limits/v1/market-risk-business-group-email",
    "method": "post",
    "body": {
      "op": "{args.op}",
      "path": "/",
      "value": {
        "id": { "$value": "{args.id}", "$type": "number" },
        "marketRiskBusinessGroup": {
          "id": { "$value": "{args.marketRiskBusinessGroup.id}", "$type": "number" }
        },
        "snapshot": "{args.snapshot}",
        "emailToList": "{args.emailToList}",
        "emailCcList": "{args.emailCcList}",
        "isActive": "{args.isActive}"
      }
    }
  },
  "ProductSubCategoryMapping": {
    "ignore": false,
    "uri": "limits/v1/product-sub-category",
    "method": "post",
    "body": {
      "op": "{args.op}",
      "path": "/",
      "value": {
        "id": { "$value": "{args.id}", "$type": "number" },
        "description": "{args.description}",
        "globalProductLine": {
          "id": { "$value": "{args.globalProductLine.id}", "$type": "number" }
        },
        "isActive": { "$value": "{args.isActive}", "$type": "boolean" }
      }
    }
  },
  "ScheduleMapping": {
    "ignore": false,
    "uri": "limits/v1/schedules?updateLimits={$[0][*].updateLimits}",
    "method": "post",
    "body": {
      "op": "{args.op}",
      "path": "/",
      "value": {
        "id": { "$value": "{args.id}", "$type": "number" },
        "name": "{args.name}",
        "scheduleLocation": "{args.scheduleLocation}",
        "marketRiskBusiness": {
          "id": { "$value": "{args.marketRiskBusiness.id}", "$type": "number" }
        },
        "lastIssuedOn": "{args.lastIssuedOn}",
        "reviewDate": "{args.reviewDate}",
        "lastIssuedBy": "{args.lastIssuedBy.id}",
        "isActive": { "$value": "{args.isActive}", "$type": "boolean" }
      }
    }
  },
  "StaticDataCreditExtraOrdinaryStress": {
    "ignore": false,
    "uri": "reference-data/v1/credit-extraordinary-stresses",
    "method": "post",
    "body": {
      "op": "{args.op}",
      "path": "/",
      "value": {
        "id": { "$value": "{args.id}", "$type": "number" },
        "key": "{args.key}",
        "genericRating": "{args.genericRating}",
        "dealCurrency": "{args.dealCurrency}",
        "financialMarketCrash": "{args.financialMarketCrash}",
        "usEconomicCrash": "{args.usEconomicCrash}",
        "globalInflationaryCrisis": "{args.globalInflationaryCrisis}",
        "asianCrisis": "{args.asianCrisis}",
        "chinaHardLanding": "{args.chinaHardLanding}",
        "sustainedDeflation": "{args.sustainedDeflation}",
        "sovereignDowngradeAust": "{args.sovereignDowngradeAust}",
        "cnyAndHkdFreeFloat": "{args.cnyAndHkdFreeFloat}",
        "isActive": { "$value": "{args.isActive}", "$type": "boolean" }
      }
    }
  }
}
