{
  "$schema": "http://json-schema.org/draft-07/schema#",
  "definitions": {
    "parameters": {
      "$id": "#parameters",
      "type": "array",
      "minItems": 1,
      "items": [
        {
          "type": "object",
          "properties": {
            "name": { "type": "string" },
            "type": { "type": "string" }
          },
          "additionalProperties": true,
          "required": ["name", "type"]
        }
      ],
      "additionalProperties": false
    },
    "dataSources": {
      "$id": "#dataSources",
      "type": "object",
      "properties": {
        "returnDataName": { "type": "string" }
      },
      "additionalProperties": false,
      "required": ["returnDataName"]
    },
    "endPoint": {
      "$id": "#endPoint",
      "type": "object",
      "properties": {
        "name": {
          "type": "string"
        },
        "filename": {
          "type": "string"
        },
        "parameters": {
          "$ref": "#parameters"
        },
        "dataSource": {
          "$ref": "#dataSources"
        }
      },
      "additionalProperties": true,
      "required": ["name", "filename", "parameters", "dataSource"]
    }
  },
  "type": "object",
  "patternProperties": {
    "(^/[A-Za-z_-]\\S*)\\w+$": {
      "type": "object",
      "patternProperties": {
        "^[A-Za-z_][A-Za-z0-9_]*$": {
          "$ref": "#endPoint"
        }
      }
    }
  },
  "additionalProperties": true
}
