{
  "Query": {
    "Nodes": {
      "url": "reference-data/hierarchies/{args.type}/nodes?date={args.cob}",
      "dataPath": true,
      "additionalData": {
        "hierarchyType": "{args.type}"
      }
    }
  },
  "Node": {
    "id": "$.nodeId",
    "type": "",
    "title": "$.nodeName",
    "portfolios": {
      "url": "reference-data/hierarchies/{$.hierarchyType}/nodes/{$.nodeAK}/portfolios"
    },
    "fullPath": "$.fullPath",
    "parent": "$.parentNodeId",
    "children": "",
    "classification": ""
  },
  "Portfolio": {
    "id": "$.leafID",
    "title": "$.name",
    "fullPath": "",
    "parent": "$.nodeAK",
    "createdOn": {
      "dataPath": "$.dateAdded",
      "decorator": "prettifyTimestamp"
    }
  }
}
